<?xml version="1.0" encoding="utf-8"?>
<?xml-stylesheet type="text/xsl" href="templatekom.xsl"?>
<DRIVER_DNP3 Version="1.0">
  <OUTSTATION Id="sdnp(2)" Name="ESO_KOZIOL - kanal nr 1" Active="yes" NrDysp="321" NrFiz="21">
    <PROTOCOL LocalAddr="100" RemoteAddr="2" AllowUnsolicited="yes" DisableInputInvert="yes" CommandAckTmt="6000ms" ObjTmt="44"/>
    <COMMUNICATION Type="net">
       <NET RemoteAddr="0.0.0.0" RemotePort="20000" Protocol="tcp"/>
    </COMMUNICATION>
    <BINARY_INPUTS>    
      <BI Index="0" SrcId="1M1" SrcType="ppm2" EvtClass="class 1" Invert="0" ObjectType="bi" BitNo="1" RefSrcId="1M1" Desc="ADMIN" Value1="Sterownik_w_trybie_konfiguracji_jako_Administrator" />      
      <BI Index="1" SrcId="1M2" SrcType="ppm2" EvtClass="class 1" Invert="0" ObjectType="bi" BitNo="1" RefSrcId="1M2" Desc="SERWIS" Value1="Przejście_na_prace_bateryjna" /> 
      <BI Index="2" SrcId="1M5" SrcType="ppm2" EvtClass="class 1" Invert="0" ObjectType="bi" BitNo="1" RefSrcId="1M5" Desc="ZDL" Value1="Tryb_zdalny_(sterowanie_tylko_od_Dyspozytora_z_NC)" />    
      <BI Index="3" SrcId="1M6" SrcType="ppm2" EvtClass="class 1" Invert="0" ObjectType="bi" BitNo="1" RefSrcId="1M6" Desc="LOK" Value1="Tryb_lokalny_(sterowanie_tylko_z_poziomu_szafki_sterowniczej)" />  
      <BI Index="4" SrcId="1M7" SrcType="ppm2" EvtClass="class 1" Invert="0" ObjectType="bi" BitNo="1" RefSrcId="1M7" Desc="REM" Value1="Tryb_remontowy_(sterowanie_odłączone)" />    
      <BI Index="5" SrcId="1M8" SrcType="ppm2" EvtClass="class 1" Invert="0" ObjectType="bi" BitNo="1" RefSrcId="1M8" Desc="DRZWI" Value1="Otwarcie_drzwi_szafki_sterowniczej" />      
      <BI Index="6" SrcId="1M9" SrcType="ppm2" EvtClass="class 1" Invert="0" ObjectType="bi" BitNo="1" RefSrcId="1M9" Desc="TCK" Value1="Brak_ciągłości_kabla_jednego_lub_więcej_odłączników_(zbiorczy)" />       
      <BI Index="7" SrcId="1M10" SrcType="ppm2" EvtClass="class 1" Invert="0" ObjectType="bi" BitNo="1" RefSrcId="1M10" Desc="awaWE" Value1="Awaria_jednego_z_modułów_czytających_(zbiorczy)" />      
      <BI Index="9" SrcId="1M11" SrcType="ppm2" EvtClass="class 1" Invert="0" ObjectType="bi" BitNo="1" RefSrcId="1M11" Desc="awaWY" Value1="Awaria_jednego_z_modułów_sterowniczych_(zbiorczy)" />     
      <BI Index="10" SrcId="1M15" SrcType="ppm2" EvtClass="class 1" Invert="0" ObjectType="bi" BitNo="1" RefSrcId="1M15" Desc="Ua" Value1="Napięcie_liniowe_podwyższone" />   
      <BI Index="11" SrcId="3M1" SrcType="ppm2" EvtClass="class 1" Invert="0" ObjectType="bi" BitNo="1" RefSrcId="3M1" Desc="002" Value1="Zamknij_odłacznik_002" />
      <BI Index="12" SrcId="3M2" SrcType="ppm2" EvtClass="class 1" Invert="0" ObjectType="bi" BitNo="1" RefSrcId="3M2" Desc="002" Value1="otwórz_odłacznik_002" />
      <BI Index="13" SrcId="3M3" SrcType="ppm2" EvtClass="class 1" Invert="0" ObjectType="bi" BitNo="1" RefSrcId="3M3" Desc="BL002" Value1="Blokada_002" />
      <BI Index="14" SrcId="3M5" SrcType="ppm2" EvtClass="class 1" Invert="0" ObjectType="bi" BitNo="1" RefSrcId="3M1" Desc="003" Value1="Zamknij_odłacznik_003" />
      <BI Index="15" SrcId="3M6" SrcType="ppm2" EvtClass="class 1" Invert="0" ObjectType="bi" BitNo="1" RefSrcId="3M2" Desc="003" Value1="otwórz_odłacznik_003" />
      <BI Index="16" SrcId="3M7" SrcType="ppm2" EvtClass="class 1" Invert="0" ObjectType="bi" BitNo="1" RefSrcId="3M3" Desc="BL003" Value1="Blokada_003" />
      <BI Index="17" SrcId="3M9" SrcType="ppm2" EvtClass="class 1" Invert="0" ObjectType="bi" BitNo="1" RefSrcId="3M9" Desc="014" Value1="Zamknij_odłacznik_014" />
      <BI Index="18" SrcId="3M10" SrcType="ppm2" EvtClass="class 1" Invert="0" ObjectType="bi" BitNo="1" RefSrcId="3M10" Desc="014" Value1="otwórz_odłacznik_014" />
      <BI Index="19" SrcId="3M11" SrcType="ppm2" EvtClass="class 1" Invert="0" ObjectType="bi" BitNo="1" RefSrcId="3M11" Desc="BL014" Value1="Blokada_014" />
      <BI Index="20" SrcId="3M13" SrcType="ppm2" EvtClass="class 1" Invert="0" ObjectType="bi" BitNo="1" RefSrcId="3M13" Desc="018" Value1="Zamknij_odłacznik_018" />
      <BI Index="21" SrcId="3M14" SrcType="ppm2" EvtClass="class 1" Invert="0" ObjectType="bi" BitNo="1" RefSrcId="3M14" Desc="018" Value1="otwórz_odłacznik_018" />
      <BI Index="22" SrcId="3M15" SrcType="ppm2" EvtClass="class 1" Invert="0" ObjectType="bi" BitNo="1" RefSrcId="3M15" Desc="BL018" Value1="Blokada_018" />                       
    </BINARY_INPUTS>
    <ANALOG_INPUTS>
    </ANALOG_INPUTS>
    <BINARY_OUTPUTS>
      <BO Index="0" OutId="1P15" SrcId="1M1,2" SrcType="ppm2" EvtClass="none" CmdType="on" UnBlocked="no" Desc="Ua - Napięcie_liniowe_podwyższone" />
      <BO Index="1" OutId="1P16" SrcId="1M1,2" SrcType="ppm2" EvtClass="none" CmdType="off" UnBlocked="no" Desc="Ua - Napięcie_liniowe_normalne" />
      <BO Index="2" OutId="3P1" SrcId="3M1,2" SrcType="ppm2" EvtClass="none" CmdType="on" UnBlocked="no" Desc="002 - Odłacznik_002_zal" />
      <BO Index="3" OutId="3P2" SrcId="3M1,2" SrcType="ppm2" EvtClass="none" CmdType="off" UnBlocked="no" Desc="002 - Odłacznik_002_wyl" />
      <BO Index="4" OutId="3P3" SrcId="3M3" SrcType="ppm2" EvtClass="none" CmdType="on" UnBlocked="no" Desc="BL002: - Blokada_002_zal" />
      <BO Index="5" OutId="3P4" SrcId="3M3" SrcType="ppm2" EvtClass="none" CmdType="off" UnBlocked="no" Desc="BL002 - Blokada_002_wyl" />
      <BO Index="6" OutId="3P5" SrcId="3M5,6" SrcType="ppm2" EvtClass="none" CmdType="on" UnBlocked="no" Desc="003 - Odłacznik_003_zal" />
      <BO Index="7" OutId="3P6" SrcId="3M5,6" SrcType="ppm2" EvtClass="none" CmdType="off" UnBlocked="no" Desc="003 - Odłacznik_003_wyl" />
      <BO Index="8" OutId="3P7" SrcId="3M7" SrcType="ppm2" EvtClass="none" CmdType="on" UnBlocked="no" Desc="BL003: - Blokada_003_zal" />
      <BO Index="9" OutId="3P8" SrcId="3M7" SrcType="ppm2" EvtClass="none" CmdType="off" UnBlocked="no" Desc="BL003 - Blokada_003_wyl" />
      <BO Index="10" OutId="3P9" SrcId="3M9,10" SrcType="ppm2" EvtClass="none" CmdType="on" UnBlocked="no" Desc="014 - Odłacznik_014_zal" />
      <BO Index="11" OutId="3P10" SrcId="3M9,10" SrcType="ppm2" EvtClass="none" CmdType="off" UnBlocked="no" Desc="014 - Odłacznik_014_wyl" />
      <BO Index="12" OutId="3P11" SrcId="3M11" SrcType="ppm2" EvtClass="none" CmdType="on" UnBlocked="no" Desc="BL014: - Blokada_014_zal" />
      <BO Index="13" OutId="3P12" SrcId="3M11" SrcType="ppm2" EvtClass="none" CmdType="off" UnBlocked="no" Desc="BL014 - Blokada_014_wyl" />
      <BO Index="14" OutId="3P13" SrcId="3M13,14" SrcType="ppm2" EvtClass="none" CmdType="on" UnBlocked="no" Desc="018 - Odłacznik_018_zal" />
      <BO Index="15" OutId="3P14" SrcId="3M13,14" SrcType="ppm2" EvtClass="none" CmdType="off" UnBlocked="no" Desc="018 - Odłacznik_018_wyl" />
      <BO Index="16" OutId="3P15" SrcId="3M15" SrcType="ppm2" EvtClass="none" CmdType="on" UnBlocked="no" Desc="BL018: - Blokada_018_zal" />
      <BO Index="17" OutId="3P16" SrcId="3M15" SrcType="ppm2" EvtClass="none" CmdType="off" UnBlocked="no" Desc="BL018 - Blokada_018_wyl" />              
     </BINARY_OUTPUTS>
  </OUTSTATION>
</DRIVER_DNP3>
