﻿<?xml version="1.0" encoding="utf-8"?>
<DRIVER_DNP3 Version="1.0">
  <OUTSTATION Id="sdnp(1)" Name="PT_JELESNIA - kanal nr 1" Active="yes">
    <PROTOCOL LocalAddr="1" RemoteAddr="1" AllowUnsolicited="yes" DisableInputInvert="yes" CommandAckTmt="5000ms"/>
    <COMMUNICATION Type="net">
       <NET RemoteAddr="0.0.0.0" RemotePort="20000" Protocol="tcp"/>
    </COMMUNICATION>
    <BINARY_INPUTS>
      <BI Index="0" SrcId="172c1m15" SrcType="ppm2" EvtClass="class 1" Invert="0" ObjectType="bi" BitNo="1" RefSrcId="" Desc="[BUSZ(1m1)] PP" Value0="Alarm_pożarowy_-_OK" Value1="A_L_A_R_M__P_O_Ż_A_R_!" />
      <BI Index="1" SrcId="172c1m14" SrcType="ppm2" EvtClass="class 1" Invert="0" ObjectType="bi" BitNo="1" RefSrcId="" Desc="[BUSZ(1m2)] PPU" Value0="System_P-POŻ_-_OK" Value1="Awaria_systemu_P-POŻ" />
      <BI Index="2" SrcId="172c1m13" SrcType="ppm2" EvtClass="class 1" Invert="0" ObjectType="bi" BitNo="1" RefSrcId="" Desc="[BUSZ(1m3)] PW" Value0="Alarm_włamaniowy_-_OK" Value1="A_L_A_R_M__W_Ł_A_M_A_N_I_E_!" />
      <BI Index="3" SrcId="172c2m4" SrcType="ppm2" EvtClass="class 1" Invert="0" ObjectType="bi" BitNo="1" RefSrcId="" Desc="[BUSZ(1m4)] PWL" Value0="Podstacja_bez_obsługi" Value1="Wejłcie_legalne_na_podstację" />
      <BI Index="4" SrcId="212c0m0" SrcType="ppm2" EvtClass="class 1" Invert="0" ObjectType="bi" BitNo="1" RefSrcId="" Desc="[BUSZ(1m5)] PZ" Value0="*" Value1="obsługa_zdalna_podstacji" />
      <BI Index="5" SrcId="212c0m1" SrcType="ppm2" EvtClass="class 1" Invert="0" ObjectType="bi" BitNo="1" RefSrcId="" Desc="[BUSZ(1m6)] PL" Value0="*" Value1="obsługa_lokalna_podstacji" />
      <BI Index="6" SrcId="32c1m0" SrcType="ppm2" EvtClass="class 1" Invert="0" ObjectType="bi" BitNo="1" RefSrcId="" Desc="[BUSZ(1m7)] PCL: uwsp. 1" Value0="OK" Value1="Sygnalizacja_pracy_remontowej_ochrony_podnapiąciowej" />
      <BI Index="7" SrcId="98c1m8" SrcType="ppm2" EvtClass="class 1" Invert="0" ObjectType="bi" BitNo="1" RefSrcId="" Desc="[BUSZ(1m7)] PCL: uwsp. 2" Value0="OK" Value1="Sygnalizacja_pracy_remontowej_SL1" />
      <BI Index="8" SrcId="97c1m8" SrcType="ppm2" EvtClass="class 1" Invert="0" ObjectType="bi" BitNo="1" RefSrcId="" Desc="[BUSZ(1m7)] PCL: uwsp. 3" Value0="OK" Value1="Sygnalizacja_pracy_remontowej_SL2" />
      <BI Index="9" SrcId="124c1m8" SrcType="ppm2" EvtClass="class 1" Invert="0" ObjectType="bi" BitNo="1" RefSrcId="" Desc="[BUSZ(1m7)] PCL: uwsp. 4" Value0="OK" Value1="Sygnalizacja_pracy_remontowej_SR" />
      <BI Index="10" SrcId="160c8m7" SrcType="ppm2" EvtClass="class 1" Invert="0" ObjectType="bi" BitNo="1" RefSrcId="" Desc="[BUSZ(1m7)] PCL: uwsp. 5" Value0="OK" Value1="Sygnalizacja_pracy_remontowej_WZ1" />
      <BI Index="11" SrcId="161c8m7" SrcType="ppm2" EvtClass="class 1" Invert="0" ObjectType="bi" BitNo="1" RefSrcId="" Desc="[BUSZ(1m7)] PCL: uwsp. 6" Value0="OK" Value1="Sygnalizacja_pracy_remontowej_WZ2" />
      <BI Index="12" SrcId="200c8m7" SrcType="ppm2" EvtClass="class 1" Invert="0" ObjectType="bi" BitNo="1" RefSrcId="" Desc="[BUSZ(1m7)] PCL: uwsp. 7" Value0="OK" Value1="Sygnalizacja_pracy_remontowej_WN1" />
      <BI Index="13" SrcId="201c8m7" SrcType="ppm2" EvtClass="class 1" Invert="0" ObjectType="bi" BitNo="1" RefSrcId="" Desc="[BUSZ(1m7)] PCL: uwsp. 8" Value0="OK" Value1="Sygnalizacja_pracy_remontowej_WN2" />
      <BI Index="14" SrcId="208c8m7" SrcType="ppm2" EvtClass="class 1" Invert="0" ObjectType="bi" BitNo="1" RefSrcId="" Desc="[BUSZ(1m7)] PCL: uwsp. 9" Value0="OK" Value1="Sygnalizacja_pracy_remontowej_WL1" />
      <BI Index="15" SrcId="209c8m7" SrcType="ppm2" EvtClass="class 1" Invert="0" ObjectType="bi" BitNo="1" RefSrcId="" Desc="[BUSZ(1m7)] PCL: uwsp. 10" Value0="OK" Value1="Sygnalizacja_pracy_remontowej_WL2" />
      <BI Index="16" SrcId="32c1m9" SrcType="ppm2" EvtClass="class 1" Invert="0" ObjectType="bi" BitNo="1" RefSrcId="" Desc="[BUSZ(1m8)] PU1" Value0="Doziemienie_szyny_-_OK" Value1="Doziemienie_szyny_minusowej" />
      <BI Index="17" SrcId="32c1m8" SrcType="ppm2" EvtClass="class 1" Invert="0" ObjectType="bi" BitNo="1" RefSrcId="" Desc="[BUSZ(1m9)] PU2" Value0="OK" Value1="zadziałanie_TUZZ" />
      <BI Index="18" SrcId="32c1m5" SrcType="ppm2" EvtClass="class 1" Invert="0" ObjectType="bi" BitNo="1" RefSrcId="" Desc="[BUSZ(1m10)] PU3" Value0="OK" Value1="zadziałanie_NAP-TRAK" />
      <BI Index="19" SrcId="32c1m4" SrcType="ppm2" EvtClass="class 1" Invert="0" ObjectType="bi" BitNo="1" RefSrcId="" Desc="[BUSZ(1m11)] PU4" Value0="OK" Value1="Brak_gotowości_NAP-TRAK" />    
      <BI Index="20" SrcId="32c1m1" SrcType="ppm2" EvtClass="class 1" Invert="0" ObjectType="bi" BitNo="1" RefSrcId="" Desc="[BUSZ(1m12)] PU11: uwsp. 1" Value0="OK" Value1="Sygnalizacja_zaniku_nap.pom.(+/-)U1_lub(+/-)U2_w_szafce_OP" />
      <BI Index="21" SrcId="98c1m15" SrcType="ppm2" EvtClass="class 1" Invert="0" ObjectType="bi" BitNo="1" RefSrcId="" Desc="[BUSZ(1m12)] PU11: uwsp. 2" Value0="OK" Value1="Sygnalizacja_zaniku_nap.pom.(+/-)U_zasilacza_SL1" />
      <BI Index="22" SrcId="98c1m7" SrcType="ppm2" EvtClass="class 1" Invert="0" ObjectType="bi" BitNo="1" RefSrcId="" Desc="[BUSZ(1m12)] PU11: uwsp. 3" Value0="OK" Value1="Sygnalizacja_zaniku_nap.pom.(+/-)N_zasilacza_SL1" />
      <BI Index="23" SrcId="97c1m15" SrcType="ppm2" EvtClass="class 1" Invert="0" ObjectType="bi" BitNo="1" RefSrcId="" Desc="[BUSZ(1m12)] PU11: uwsp. 4" Value0="OK" Value1="Sygnalizacja_zaniku_nap.pom.(+/-)U_zasilacza_SL2" />
      <BI Index="24" SrcId="97c1m7" SrcType="ppm2" EvtClass="class 1" Invert="0" ObjectType="bi" BitNo="1" RefSrcId="" Desc="[BUSZ(1m12)] PU11: uwsp. 5" Value0="OK" Value1="Sygnalizacja_zaniku_nap.pom.(+/-)N_zasilacza_SL2" />
      <BI Index="25" SrcId="124c1m15" SrcType="ppm2" EvtClass="class 1" Invert="0" ObjectType="bi" BitNo="1" RefSrcId="" Desc="[BUSZ(1m12)] PU11: uwsp. 6" Value0="OK" Value1="Sygnalizacja_zaniku_nap.pom.(+/-)U_zasilacza_SR" />
      <BI Index="26" SrcId="124c1m7" SrcType="ppm2" EvtClass="class 1" Invert="0" ObjectType="bi" BitNo="1" RefSrcId="" Desc="[BUSZ(1m12)] PU11: uwsp. 7" Value0="OK" Value1="Sygnalizacja_zaniku_nap.pom.(+/-)N_zasilacza_SR" />     
      <BI Index="27" SrcId="160c8m6" SrcType="ppm2" EvtClass="class 1" Invert="0" ObjectType="bi" BitNo="1" RefSrcId="" Desc="[BUSZ(1m13)] PU12: uwsp. 1" Value0="OK" Value1="Sygnalizacja_zaniku_nap.pom.(+/-U)_zasilacza_WZ1" />
      <BI Index="28" SrcId="160c8m5" SrcType="ppm2" EvtClass="class 1" Invert="0" ObjectType="bi" BitNo="1" RefSrcId="" Desc="[BUSZ(1m13)] PU12: uwsp. 2" Value0="OK" Value1="Sygnalizacja_zaniku_nap.pom.(+/-N)_zasilacza_WZ1" />
 	  <BI Index="29" SrcId="161c8m6" SrcType="ppm2" EvtClass="class 1" Invert="0" ObjectType="bi" BitNo="1" RefSrcId="" Desc="[BUSZ(1m13)] PU12: uwsp. 3" Value0="OK" Value1="Sygnalizacja_zaniku_nap.pom.(+/-U)_zasilacza_WZ2" />
      <BI Index="30" SrcId="161c8m5" SrcType="ppm2" EvtClass="class 1" Invert="0" ObjectType="bi" BitNo="1" RefSrcId="" Desc="[BUSZ(1m13)] PU12: uwsp. 4" Value0="OK" Value1="Sygnalizacja_zaniku_nap.pom.(+/-N)_zasilacza_WZ2" />
      <BI Index="31" SrcId="200c8m6" SrcType="ppm2" EvtClass="class 1" Invert="0" ObjectType="bi" BitNo="1" RefSrcId="" Desc="[BUSZ(1m13)] PU12: uwsp. 5" Value0="OK" Value1="Sygnalizacja_zaniku_nap.pom.(+/-U)_zasilacza_WN1" />
      <BI Index="32" SrcId="200c8m5" SrcType="ppm2" EvtClass="class 1" Invert="0" ObjectType="bi" BitNo="1" RefSrcId="" Desc="[BUSZ(1m13)] PU12: uwsp. 6" Value0="OK" Value1="Sygnalizacja_zaniku_nap.pom.(+/-N)_zasilacza_WN1" />
      <BI Index="33" SrcId="201c8m6" SrcType="ppm2" EvtClass="class 1" Invert="0" ObjectType="bi" BitNo="1" RefSrcId="" Desc="[BUSZ(1m13)] PU12: uwsp. 7" Value0="OK" Value1="Sygnalizacja_zaniku_nap.pom.(+/-U)_zasilacza_WN2" />
      <BI Index="34" SrcId="201c8m5" SrcType="ppm2" EvtClass="class 1" Invert="0" ObjectType="bi" BitNo="1" RefSrcId="" Desc="[BUSZ(1m13)] PU12: uwsp. 8" Value0="OK" Value1="Sygnalizacja_zaniku_nap.pom.(+/-N)_zasilacza_WN2" />
      <BI Index="35" SrcId="208c8m6" SrcType="ppm2" EvtClass="class 1" Invert="0" ObjectType="bi" BitNo="1" RefSrcId="" Desc="[BUSZ(1m13)] PU12: uwsp. 9" Value0="OK" Value1="Sygnalizacja_zaniku_nap.pom.(+/-U)_zasilacza_WL1" />
      <BI Index="36" SrcId="208c8m5" SrcType="ppm2" EvtClass="class 1" Invert="0" ObjectType="bi" BitNo="1" RefSrcId="" Desc="[BUSZ(1m13)] PU12: uwsp. 10" Value0="OK" Value1="Sygnalizacja_zaniku_nap.pom.(+/-N)_zasilacza_WL1" />
      <BI Index="37" SrcId="209c8m6" SrcType="ppm2" EvtClass="class 1" Invert="0" ObjectType="bi" BitNo="1" RefSrcId="" Desc="[BUSZ(1m13)] PU12: uwsp. 11" Value0="OK" Value1="Sygnalizacja_zaniku_nap.pom.(+/-U)_zasilacza_WL2" />
      <BI Index="38" SrcId="209c8m5" SrcType="ppm2" EvtClass="class 1" Invert="0" ObjectType="bi" BitNo="1" RefSrcId="" Desc="[BUSZ(1m13)] PU12: uwsp. 12" Value0="OK" Value1="Sygnalizacja_zaniku_nap.pom.(+/-N)_zasilacza_WL2" />                    
      <BI Index="39" SrcId="172c2m11" SrcType="ppm2" EvtClass="class 1" Invert="0" ObjectType="bi" BitNo="1" RefSrcId="" Desc="[BUSZ(1m14)] PU13" Value0="OK" Value1="Sygnalizacja_zaniku_napięć_pomocniczych_automatyki_SZR" />      
      <BI Index="40" SrcId="172c2m8" SrcType="ppm2" EvtClass="class 1" Invert="0" ObjectType="bi" BitNo="1" RefSrcId="" Desc="[BUSZ(1m15)] PU14" Value0="napięcie_380/220V_-_OK" Value1="Napięcie_380/220V_-_ZANIK_napięć_pomocniczych_fazy_L1" />
      <BI Index="41" SrcId="172c2m9" SrcType="ppm2" EvtClass="class 1" Invert="0" ObjectType="bi" BitNo="1" RefSrcId="" Desc="[BUSZ(1m15)] PU14" Value0="napięcie_380/220V_-_OK" Value1="Napięcie_380/220V_-_ZANIK_napięć_pomocniczych_fazy_L2" />
      <BI Index="42" SrcId="172c2m10" SrcType="ppm2" EvtClass="class 1" Invert="0" ObjectType="bi" BitNo="1" RefSrcId="" Desc="[BUSZ(1m15)] PU14" Value0="napięcie_380/220V_-_OK" Value1="Napięcie_380/220V_-_ZANIK_napięć_pomocniczych_fazy_L3" />      
      <BI Index="43" SrcId="32c1m0" SrcType="ppm2" EvtClass="class 1" Invert="0" ObjectType="bi" BitNo="1" RefSrcId="" Desc="[BUSZ(1m16)] PU16" Value0="OK" Value1="Sygnalizacja_braku_napięć_zasilania_urządzenia_EZZ" />      
      <BI Index="45" SrcId="160c7m3" SrcType="ppm2" EvtClass="class 1" Invert="0" ObjectType="bi" BitNo="1" RefSrcId="" Desc="[BUSZ(2m1)] PU21A: uwsp. 2" Value0="OK" Value1="Zadziałanie_zabezpieczenia_gazowo-przeplywowego_I_stopien" />
      <BI Index="46" SrcId="160c8m6" SrcType="ppm2" EvtClass="class 1" Invert="0" ObjectType="bi" BitNo="1" RefSrcId="" Desc="[BUSZ(2m1)] PU21A: uwsp. 3" Value0="OK" Value1="Sygnalizacja_zaniku(+/-)U" />      
      <BI Index="47" SrcId="160c8m5" SrcType="ppm2" EvtClass="class 1" Invert="0" ObjectType="bi" BitNo="1" RefSrcId="" Desc="[BUSZ(2m1)] PU21A: uwsp. 4" Value0="OK" Value1="Sygnalizacja_zaniku(+/-)N" />         
      <BI Index="48" SrcId="160c7m2" SrcType="ppm2" EvtClass="class 1" Invert="0" ObjectType="bi" BitNo="1" RefSrcId="" Desc="[BUSZ(2m2)] PU21B: uwsp. 1" Value0="OK" Value1="Zadziałanie_zabezpieczenia_termicznego_II_stopien" />
      <BI Index="49" SrcId="160c7m4" SrcType="ppm2" EvtClass="class 1" Invert="0" ObjectType="bi" BitNo="1" RefSrcId="" Desc="[BUSZ(2m2)] PU21B: uwsp. 2" Value0="OK" Value1="Zadziałanie_zabezpieczenia_gazowo-przepływowego_II_stopien" />     
      <BI Index="54" SrcId="161c7m3" SrcType="ppm2" EvtClass="class 1" Invert="0" ObjectType="bi" BitNo="1" RefSrcId="" Desc="[BUSZ(2m4)] PU22A: uwsp. 2" Value0="OK" Value1="Zadziałanie_zabezpieczenia_gazowo-przepływowego_I_stopien" />
      <BI Index="55" SrcId="161c8m6" SrcType="ppm2" EvtClass="class 1" Invert="0" ObjectType="bi" BitNo="1" RefSrcId="" Desc="[BUSZ(2m4)] PU22A: uwsp. 3" Value0="OK" Value1="Sygnalizacja_zaniku(+/-)U" />      
      <BI Index="56" SrcId="161c8m5" SrcType="ppm2" EvtClass="class 1" Invert="0" ObjectType="bi" BitNo="1" RefSrcId="" Desc="[BUSZ(2m4)] PU22A: uwsp. 4" Value0="OK" Value1="Sygnalizacja_zaniku(+/-)N" />         
      <BI Index="57" SrcId="161c7m2" SrcType="ppm2" EvtClass="class 1" Invert="0" ObjectType="bi" BitNo="1" RefSrcId="" Desc="[BUSZ(2m5)] PU22B: uwsp. 1" Value0="OK" Value1="Zadziałanie_zabezpieczenia_termicznego_II_stopien" />
      <BI Index="58" SrcId="161c7m4" SrcType="ppm2" EvtClass="class 1" Invert="0" ObjectType="bi" BitNo="1" RefSrcId="" Desc="[BUSZ(2m5)] PU22B: uwsp. 2" Value0="OK" Value1="Zadziałanie_zabezpieczenia_gazowo-przepływowego_II_stopien" />            
      <BI Index="63" SrcId="208c6m8" SrcType="ppm2" EvtClass="class 1" Invert="0" ObjectType="dbi" BitNo="1" RefSrcId="0m4" Desc="[BUSZ(4m3)] WL1" Value0="00-nieustalony" Value1="01-Wyłączony_WL1" />
      <BI Index="64" SrcId="208c6m9" SrcType="ppm2" EvtClass="class 1" Invert="0" ObjectType="dbi" BitNo="2" RefSrcId="0m3" Desc="[BUSZ(4m4)] WL1" Value0="10-Załączony_WL1" Value1="11-stan_nieustalony" />
      <BI Index="65" SrcId="209c6m8" SrcType="ppm2" EvtClass="class 1" Invert="0" ObjectType="dbi" BitNo="1" RefSrcId="0m4" Desc="[BUSZ(4m5)] WL2" Value0="00-nieustalony" Value1="01-Wyłączony_WL2" />
      <BI Index="66" SrcId="209c6m9" SrcType="ppm2" EvtClass="class 1" Invert="0" ObjectType="dbi" BitNo="2" RefSrcId="0m3" Desc="[BUSZ(4m6)] WL2" Value0="10-Załączony_WL2" Value1="11-stan_nieustalony" />
      <BI Index="67" SrcId="200c6m8" SrcType="ppm2" EvtClass="class 1" Invert="0" ObjectType="dbi" BitNo="1" RefSrcId="0m4" Desc="[BUSZ(4m7)] WN1" Value0="00-nieustalony" Value1="01-Wyłączony_WN1" />
      <BI Index="68" SrcId="200c6m9" SrcType="ppm2" EvtClass="class 1" Invert="0" ObjectType="dbi" BitNo="2" RefSrcId="0m3" Desc="[BUSZ(4m8)] WN1" Value0="10-Załączony_WN1" Value1="11-stan_nieustalony" />
      <BI Index="69" SrcId="201c6m8" SrcType="ppm2" EvtClass="class 1" Invert="0" ObjectType="dbi" BitNo="1" RefSrcId="0m4" Desc="[BUSZ(4m9)] WN2" Value0="00-nieustalony" Value1="01-Wyłączony_WN2" />
      <BI Index="70" SrcId="201c6m9" SrcType="ppm2" EvtClass="class 1" Invert="0" ObjectType="dbi" BitNo="2" RefSrcId="0m3" Desc="[BUSZ(4m10)] WN2" Value0="10-Załączony_WN2" Value1="11-stan_nieustalony" />  
      <BI Index="71" SrcId="160c6m8" SrcType="ppm2" EvtClass="class 1" Invert="0" ObjectType="dbi" BitNo="1" RefSrcId="0m4" Desc="[BUSZ(4m11)] WZ1" Value0="00-nieustalony" Value1="01-Wyłączony_WZ1" />
      <BI Index="72" SrcId="160c6m9" SrcType="ppm2" EvtClass="class 1" Invert="0" ObjectType="dbi" BitNo="2" RefSrcId="0m3" Desc="[BUSZ(4m12)] WZ1" Value0="10-Załączony_WZ1" Value1="11-stan_nieustalony" />
      <BI Index="73" SrcId="161c6m8" SrcType="ppm2" EvtClass="class 1" Invert="0" ObjectType="dbi" BitNo="1" RefSrcId="0m4" Desc="[BUSZ(4m13)] WZ2" Value0="00-nieustalony" Value1="01-Wyłączony_WZ2" />
      <BI Index="74" SrcId="161c6m9" SrcType="ppm2" EvtClass="class 1" Invert="0" ObjectType="dbi" BitNo="2" RefSrcId="0m3" Desc="[BUSZ(4m14)] WZ2" Value0="10-Załączony_WZ2" Value1="11-stan_nieustalony" />       
      <BI Index="75" SrcId="32c1m2" SrcType="ppm2" EvtClass="class 1" Invert="0" ObjectType="dbi" BitNo="1" RefSrcId="0m4" Desc="[BUSZ(4m15)] SP" Value0="00-nieustalony" Value1="01-Sygnalizacja_wyłączenia_ochrony_podnapięciowej" />
      <BI Index="76" SrcId="32c1m3" SrcType="ppm2" EvtClass="class 1" Invert="0" ObjectType="dbi" BitNo="2" RefSrcId="0m3" Desc="[BUSZ(4m16)] SP" Value0="10-Sygnalizacja_załączenia_ochrony_podnapięciowej" Value1="11-stan_nieustalony" />   
      <BI Index="77" SrcId="172c1m4" SrcType="ppm2" EvtClass="class 1" Invert="0" ObjectType="dbi" BitNo="1" RefSrcId="0m7" Desc="[BUSZ(5m1)] WW1" Value0="00-nieustalony" Value1="01-WW_potrzeb_własnych_1_WYŁ." />
      <BI Index="78" SrcId="172c1m5" SrcType="ppm2" EvtClass="class 1" Invert="0" ObjectType="dbi" BitNo="2" RefSrcId="0m6" Desc="[BUSZ(5m2)] WW1" Value0="10-WW_potrzeb_własnych_1_ZAŁ." Value1="11-stan_nieustalony" />
      <BI Index="79" SrcId="172c1m6" SrcType="ppm2" EvtClass="class 1" Invert="0" ObjectType="dbi" BitNo="1" RefSrcId="0m9" Desc="[BUSZ(5m3)] WW2" Value0="00-nieustalony" Value1="01-WW_potrzeb_własnych_2_WYŁ." />
      <BI Index="80" SrcId="172c1m7" SrcType="ppm2" EvtClass="class 1" Invert="0" ObjectType="dbi" BitNo="2" RefSrcId="0m8" Desc="[BUSZ(5m4)] WW2" Value0="10-WW_potrzeb_własnych_2_ZAŁ." Value1="11-stan_nieustalony" />
      <BI Index="81" SrcId="124c1m0" SrcType="ppm2" EvtClass="class 1" Invert="0" ObjectType="dbi" BitNo="1" RefSrcId="0m1" Desc="[BUSZ(5m5)] SR" Value0="00-nieustalony" Value1="01-PT_WS_zapasowy_-_WYŁĄczony_" />
      <BI Index="82" SrcId="124c1m1" SrcType="ppm2" EvtClass="class 1" Invert="0" ObjectType="dbi" BitNo="2" RefSrcId="0m0" Desc="[BUSZ(5m6)] SR" Value0="10-PT_WS_zapasowy_-_ZAŁĄczony" Value1="11-stan_nieustalony" />      
      <BI Index="83" SrcId="98c1m0" SrcType="ppm2" EvtClass="class 1" Invert="0" ObjectType="dbi" BitNo="1" RefSrcId="0m1" Desc="[BUSZ(5m7)] PZ1" Value0="00-nieustalony" Value1="01-WS_Sucha_Beskidzka_WYŁĄczony" />
      <BI Index="84" SrcId="98c1m1" SrcType="ppm2" EvtClass="class 1" Invert="0" ObjectType="dbi" BitNo="2" RefSrcId="0m0" Desc="[BUSZ(5m8)] PZ1" Value0="10-WS_Sucha_Beskidzka_ZAŁĄczony" Value1="11-stan_nieustalony" />
      <BI Index="85" SrcId="98c1m4" SrcType="ppm2" EvtClass="class 1" Invert="0" ObjectType="dbi" BitNo="1" RefSrcId="0m3" Desc="[BUSZ(5m13)] PZOZ1" Value0="00-nieustalony" Value1="01-PT_odłącznik_WS_-_OTWARTY" />
      <BI Index="86" SrcId="98c1m5" SrcType="ppm2" EvtClass="class 1" Invert="0" ObjectType="dbi" BitNo="2" RefSrcId="0m2" Desc="[BUSZ(5m14)] PZOZ1" Value0="10-PT_odłącznik_WS_-_ZAMKNIĘTY" Value1="11-stan_nieustalony" />
      <BI Index="87" SrcId="97c1m0" SrcType="ppm2" EvtClass="class 1" Invert="0" ObjectType="dbi" BitNo="1" RefSrcId="0m1" Desc="[BUSZ(5m9)] PZ2" Value0="00-nieustalony" Value1="01-WS_Żywiec_WYŁĄczony" />
      <BI Index="88" SrcId="97c1m1" SrcType="ppm2" EvtClass="class 1" Invert="0" ObjectType="dbi" BitNo="2" RefSrcId="0m0" Desc="[BUSZ(5m10)] PZ2" Value0="10-WS_Żywiec_ZAŁĄczony" Value1="11-stan_nieustalony" />
      <BI Index="89" SrcId="97c1m4" SrcType="ppm2" EvtClass="class 1" Invert="0" ObjectType="dbi" BitNo="1" RefSrcId="0m3" Desc="[BUSZ(5m15)] PZOZ2" Value0="00-nieustalony" Value1="01-PT_odłącznik_WS_-_OTWARTY" />
      <BI Index="90" SrcId="97c1m5" SrcType="ppm2" EvtClass="class 1" Invert="0" ObjectType="dbi" BitNo="2" RefSrcId="0m2" Desc="[BUSZ(5m16)] PZOZ2" Value0="10-PT_odłącznik_WS_-_ZAMKNIĘTY" Value1="11-stan_nieustalony" />
      <BI Index="91" SrcId="124c1m2" SrcType="ppm2" EvtClass="class 1" Invert="0" ObjectType="dbi" BitNo="1" RefSrcId="0m3" Desc="[BUSZ(5m11)] SROG" Value0="00-nieustalony" Value1="01-Sygnalizacja_stanu_otwarcia_odłącznika_szyny_główne_SR" />
      <BI Index="92" SrcId="124c1m3" SrcType="ppm2" EvtClass="class 1" Invert="0" ObjectType="dbi" BitNo="2" RefSrcId="0m2" Desc="[BUSZ(5m12)] SROG" Value0="10-Sygnalizacja_stanu_zamknięcia_odłącznika_szyny_główne_SR" Value1="11-stan_nieustalony" />      
      <BI Index="93" SrcId="176c1m0" SrcType="ppm2" EvtClass="class 1" Invert="0" ObjectType="bi" BitNo="1" RefSrcId="" Desc="[BUSZ(7m1)] UaZ" Value0="Ua_Obsługa_lokalna" Value1="Ua_Obsługa_zdalna" />
      <BI Index="94" SrcId="176c1m1" SrcType="ppm2" EvtClass="class 1" Invert="0" ObjectType="bi" BitNo="1" RefSrcId="" Desc="[BUSZ(7m2)] UaU" Value0="Ua_Napięcie_liniowe_-_OK" Value1="Ua_Napięcie_liniowe_-_zanik" />
      <BI Index="95" SrcId="176c1m2" SrcType="ppm2" EvtClass="class 1" Invert="0" ObjectType="dbi" BitNo="1" RefSrcId="5m1" Desc="[BUSZ(7m3)] 010" Value0="00-nieustalony" Value1="01-odłącznik_-_otwarty" />
      <BI Index="96" SrcId="176c1m3" SrcType="ppm2" EvtClass="class 1" Invert="0" ObjectType="dbi" BitNo="2" RefSrcId="5m0" Desc="[BUSZ(7m4)] 010" Value0="10-odłącznik_-_ZAMKNIĘTY" Value1="11-stan_nieustalony" />
      <BI Index="97" SrcId="176c1m4" SrcType="ppm2" EvtClass="class 1" Invert="0" ObjectType="dbi" BitNo="1" RefSrcId="5m3" Desc="[BUSZ(7m5)] 030" Value0="00-nieustalony" Value1="01-odłącznik_-_otwarty" />
      <BI Index="98" SrcId="176c1m5" SrcType="ppm2" EvtClass="class 1" Invert="0" ObjectType="dbi" BitNo="2" RefSrcId="5m2" Desc="[BUSZ(7m6)] 030" Value0="10-odłącznik_-_ZAMKNIĘTY" Value1="11-stan_nieustalony" />
      <BI Index="99" SrcId="176c1m6" SrcType="ppm2" EvtClass="class 1" Invert="0" ObjectType="dbi" BitNo="1" RefSrcId="5m5" Desc="[BUSZ(7m7)] 101" Value0="00-nieustalony" Value1="01-odłącznik_-_otwarty" />
      <BI Index="100" SrcId="176c1m7" SrcType="ppm2" EvtClass="class 1" Invert="0" ObjectType="dbi" BitNo="2" RefSrcId="5m4" Desc="[BUSZ(7m8)] 101" Value0="10-odłącznik_-_ZAMKNIĘTY" Value1="11-stan_nieustalony" />  
      <BI Index="101" SrcId="176c1m14" SrcType="ppm2" EvtClass="class 1" Invert="0" ObjectType="bi" BitNo="1" RefSrcId="" Desc="[BUSZ(7m15)] Ua" Value0="OK" Value1="Napięcie_liniowe_podwyższone_Ua" />  
      <BI Index="102" SrcId="42c1m0" SrcType="ppm2" EvtClass="class 1" Invert="0" ObjectType="dbi" BitNo="1" RefSrcId="0m4" Desc="[BUSZ(17m1)] KZ4" Value0="00-nieustalony" Value1="01-Wyłączony_KZ4" />
      <BI Index="103" SrcId="42c1m1" SrcType="ppm2" EvtClass="class 1" Invert="0" ObjectType="dbi" BitNo="2" RefSrcId="0m3" Desc="[BUSZ(17m2)] KZ4" Value0="10-Załączony_KZ4" Value1="11-stan_nieustalony" />  
      <BI Index="104" SrcId="42c1m12" SrcType="ppm2" EvtClass="class 1" Invert="0" ObjectType="bi" BitNo="1" RefSrcId="" Desc="[BUSZ(17m13)] UZ4" Value0="Wyłącznik_KZ4_-_sterowany_ręcznie" Value1="Wyłącznik_KZ4_-_sterowany_automatycznie" /> 
      <BI Index="105" SrcId="176c2m2" SrcType="ppm2" EvtClass="class 1" Invert="0" ObjectType="bi" BitNo="1" RefSrcId="" Desc="[BUSZ(8m3)] 010B" Value0="*" Value1="Zablokowany_odłącznik_010" />
      <BI Index="106" SrcId="176c2m3" SrcType="ppm2" EvtClass="class 1" Invert="0" ObjectType="bi" BitNo="1" RefSrcId="" Desc="[BUSZ(8m4)] 010B" Value0="*" Value1="Odblokowany_odłącznik_010" />   
      <BI Index="107" SrcId="176c2m4" SrcType="ppm2" EvtClass="class 1" Invert="0" ObjectType="bi" BitNo="1" RefSrcId="" Desc="[BUSZ(8m5)] 030B" Value0="*" Value1="Zablokowany_odłącznik_030" />
      <BI Index="108" SrcId="176c2m5" SrcType="ppm2" EvtClass="class 1" Invert="0" ObjectType="bi" BitNo="1" RefSrcId="" Desc="[BUSZ(8m6)] 030B" Value0="*" Value1="Odblokowany_odłącznik_030" />  
      <BI Index="109" SrcId="176c2m6" SrcType="ppm2" EvtClass="class 1" Invert="0" ObjectType="bi" BitNo="1" RefSrcId="" Desc="[BUSZ(8m7)] 101B" Value0="*" Value1="Zablokowany_odłącznik_101" />
      <BI Index="110" SrcId="176c2m7" SrcType="ppm2" EvtClass="class 1" Invert="0" ObjectType="bi" BitNo="1" RefSrcId="" Desc="[BUSZ(8m8)] 101B" Value0="*" Value1="Odblokowany_odłącznik_101" />  
      <BI Index="111" SrcId="41c11m12" SrcType="ppm2" EvtClass="class 1" Invert="0" ObjectType="bi" BitNo="1" RefSrcId="" Desc="[BUSZ(20m13)] Pxx.1" Value0="Uzależnienie_międzypodstacyjne_na_kierunku_SUCHA_BESKIDZKA_WYŁĄCZONE" Value1="Uzależnienie_międzypodstacyjne_na_kierunku_SUCHA_BESKIDZKA_ZAŁĄCZONE" />  
      <BI Index="112" SrcId="160c8m4" SrcType="ppm2" EvtClass="class 1" Invert="0" ObjectType="bi" BitNo="1" RefSrcId="" Desc="[BUSZ(1m7)] PCL: uwsp. 11" Value0="OK" Value1="Sygnalizacja_pracy_lokalnej_WZ1" />
      <BI Index="113" SrcId="161c8m4" SrcType="ppm2" EvtClass="class 1" Invert="0" ObjectType="bi" BitNo="1" RefSrcId="" Desc="[BUSZ(1m7)] PCL: uwsp. 12" Value0="OK" Value1="Sygnalizacja_pracy_lokalnej_WZ2" />
      <BI Index="114" SrcId="200c8m4" SrcType="ppm2" EvtClass="class 1" Invert="0" ObjectType="bi" BitNo="1" RefSrcId="" Desc="[BUSZ(1m7)] PCL: uwsp. 13" Value0="OK" Value1="Sygnalizacja_pracy_lokalnej_WN1" />
      <BI Index="115" SrcId="201c8m4" SrcType="ppm2" EvtClass="class 1" Invert="0" ObjectType="bi" BitNo="1" RefSrcId="" Desc="[BUSZ(1m7)] PCL: uwsp. 14" Value0="OK" Value1="Sygnalizacja_pracy_lokalnej_WN2" />
      <BI Index="116" SrcId="208c8m4" SrcType="ppm2" EvtClass="class 1" Invert="0" ObjectType="bi" BitNo="1" RefSrcId="" Desc="[BUSZ(1m7)] PCL: uwsp. 15" Value0="OK" Value1="Sygnalizacja_pracy_lokalnej_WL1" />
      <BI Index="117" SrcId="209c8m4" SrcType="ppm2" EvtClass="class 1" Invert="0" ObjectType="bi" BitNo="1" RefSrcId="" Desc="[BUSZ(1m7)] PCL: uwsp. 16" Value0="OK" Value1="Sygnalizacja_pracy_lokalnej_WL2" />           
      <BI Index="118" SrcId="160c6m0" SrcType="ppm2" EvtClass="class 1" Invert="0" ObjectType="bi" BitNo="1" RefSrcId="" Desc="[BUSZ(2m3)] PU21C: uwsp. 1" Value0="OK" Value1="Zadziałanie_zabezpieczenia_zwarciowego" /> 
      <BI Index="119" SrcId="160c6m1" SrcType="ppm2" EvtClass="class 1" Invert="0" ObjectType="bi" BitNo="1" RefSrcId="" Desc="[BUSZ(2m3)] PU21C: uwsp. 2" Value0="OK" Value1="Zadziałania_zabezpieczenia_przeciążeniowego_niezaleznego" />
      <BI Index="120" SrcId="161c6m0" SrcType="ppm2" EvtClass="class 1" Invert="0" ObjectType="bi" BitNo="1" RefSrcId="" Desc="[BUSZ(2m4)] PU22A: uwsp. 5" Value0="OK" Value1="Zadziałanie_zabezpieczenia_zwarciowego" /> 
      <BI Index="121" SrcId="161c6m1" SrcType="ppm2" EvtClass="class 1" Invert="0" ObjectType="bi" BitNo="1" RefSrcId="" Desc="[BUSZ(2m4)] PU22A: uwsp. 6" Value0="OK" Value1="Zadziałania_zabezpieczenia_przeciążeniowego_niezaleznego" /> 
      <BI Index="122" SrcId="200c6m0" SrcType="ppm2" EvtClass="class 1" Invert="0" ObjectType="bi" BitNo="1" RefSrcId="" Desc="[BUSZ(2m9)] PU25: uwsp. 1" Value0="OK" Value1="Zadziałanie_zabezpieczenia_zwarciowego" /> 
      <BI Index="123" SrcId="200c6m1" SrcType="ppm2" EvtClass="class 1" Invert="0" ObjectType="bi" BitNo="1" RefSrcId="" Desc="[BUSZ(2m9)] PU25: uwsp. 2" Value0="OK" Value1="Zadziałania_zabezpieczenia_przeciążeniowego_niezaleznego" />      
      <BI Index="124" SrcId="200c6m4" SrcType="ppm2" EvtClass="class 1" Invert="0" ObjectType="bi" BitNo="1" RefSrcId="" Desc="[BUSZ(2m9)] PU25: uwsp. 3" Value0="OK" Value1="Zadziałania_zabezpieczenia_ziemnozwarciowego" />  
      <BI Index="125" SrcId="201c6m0" SrcType="ppm2" EvtClass="class 1" Invert="0" ObjectType="bi" BitNo="1" RefSrcId="" Desc="[BUSZ(2m10)] PU26: uwsp. 1" Value0="OK" Value1="Zadziałanie_zabezpieczenia_zwarciowego" /> 
      <BI Index="126" SrcId="201c6m1" SrcType="ppm2" EvtClass="class 1" Invert="0" ObjectType="bi" BitNo="1" RefSrcId="" Desc="[BUSZ(2m10)] PU26: uwsp. 2" Value0="OK" Value1="Zadziałania_zabezpieczenia_przeciążeniowego_niezaleznego" />      
      <BI Index="127" SrcId="201c6m4" SrcType="ppm2" EvtClass="class 1" Invert="0" ObjectType="bi" BitNo="1" RefSrcId="" Desc="[BUSZ(2m10)] PU26: uwsp. 3" Value0="OK" Value1="Zadziałania_zabezpieczenia_ziemnozwarciowego" />  
      <BI Index="128" SrcId="208c6m0" SrcType="ppm2" EvtClass="class 1" Invert="0" ObjectType="bi" BitNo="1" RefSrcId="" Desc="[BUSZ(2m7)] PU23" Value0="OK" Value1="Zadziałania_zabezpieczenia_zwarciowego" />  
      <BI Index="129" SrcId="209c6m0" SrcType="ppm2" EvtClass="class 1" Invert="0" ObjectType="bi" BitNo="1" RefSrcId="" Desc="[BUSZ(2m8)] PU24" Value0="OK" Value1="Zadziałania_zabezpieczenia_zwarciowego" /> 
      <BI Index="130" SrcId="172c2m1" SrcType="ppm2" EvtClass="class 1" Invert="0" ObjectType="bi" BitNo="1" RefSrcId="" Desc="[BUSZ(2m14)] PR1" Value0="OK" Value1="Prostownik_ładowczy_Alarm_PR1" /> 
      <BI Index="131" SrcId="172c2m2" SrcType="ppm2" EvtClass="class 1" Invert="0" ObjectType="bi" BitNo="1" RefSrcId="" Desc="[BUSZ(2m15)] PR1" Value0="OK" Value1="Prostownik_ładowczy_Alarm_PR2" /> 
      <BI Index="132" SrcId="42c11m9" SrcType="ppm2" EvtClass="class 1" Invert="0" ObjectType="bi" BitNo="1" RefSrcId="" Desc="[BUSZ(18m10)] AT21" Value0="OK" Value1="Awaria_transmiscji_z_PT_Jeleśnia_do_KS_Żywiec" />
    </BINARY_INPUTS>
    <ANALOG_INPUTS>
      <AI Index="0" SrcId="32c2m0,15" SrcType="ppm2" EvtClass="none" Log="no" IsSigned="no" MultFactor="0.010000" Offset="0.000000" Unit="[kV]" Desc="[BUSZ(193m1,10)] POM3 - napięcie_szyny_3kV" />
      <AI Index="1" SrcId="208c3m0,15" SrcType="ppm2" EvtClass="none" Log="no" IsSigned="no" MultFactor="0.001730" Offset="0.000000" Unit="[kV]" Desc="[BUSZ(195m1,16)] POM5 - Napiecie_linii_PKP1_faza_RS" />
      <AI Index="2" SrcId="208c4m0,15" SrcType="ppm2" EvtClass="none" Log="no" IsSigned="no" MultFactor="0.001730" Offset="0.000000" Unit="[kV]" Desc="[BUSZ(196m1,16)] POM6 - Napiecie_linii_PKP1_faza_ST" />
      <AI Index="3" SrcId="208c5m0,15" SrcType="ppm2" EvtClass="none" Log="no" IsSigned="no" MultFactor="0.001730" Offset="0.000000" Unit="[kV]" Desc="[BUSZ(197m1,16)] POM7 - Napiecie_linii_PKP1_faza_TR" />
      <AI Index="4" SrcId="209c3m0,15" SrcType="ppm2" EvtClass="none" Log="no" IsSigned="no" MultFactor="0.001730" Offset="0.000000" Unit="[kV]" Desc="[BUSZ(198m1,16)] POM8 - Napiecie_linii_PKP2_faza_RS" />
      <AI Index="5" SrcId="209c4m0,15" SrcType="ppm2" EvtClass="none" Log="no" IsSigned="no" MultFactor="0.001730" Offset="0.000000" Unit="[kV]" Desc="[BUSZ(199m1,16)] POM9 - Napiecie_linii_PKP2_faza_ST" />
      <AI Index="6" SrcId="209c5m0,15" SrcType="ppm2" EvtClass="none" Log="no" IsSigned="no" MultFactor="0.001730" Offset="0.000000" Unit="[kV]" Desc="[BUSZ(200m1,16)] POM10 - Napiecie_linii_PKP2_faza_TR" />
    </ANALOG_INPUTS>
    <BINARY_OUTPUTS>
      <BO Index="0" OutId="32c5p3" SrcId="32c1m3" SrcType="ppm2" EvtClass="none" CmdType="on" UnBlocked="no" Desc="[BUSZ(1P15)] SP - Załaczenie_ochrony_podnapięciowej" />
      <BO Index="1" OutId="32c5p4" SrcId="32c1m3" SrcType="ppm2" EvtClass="none" CmdType="off" UnBlocked="no" Desc="[BUSZ(1P16)] SP - Wyłaczenie_ochrony_podnapięciowej" />
      <BO Index="2" OutId="172c5p3" SrcId="172c1m5" SrcType="ppm2" EvtClass="none" CmdType="on" UnBlocked="no" Desc="[BUSZ(2P1)] WW1 - WW_potrzeb_własnych_1_ZAŁ." />
      <BO Index="3" OutId="172c5p4" SrcId="172c1m5" SrcType="ppm2" EvtClass="none" CmdType="off" UnBlocked="no" Desc="[BUSZ(2P2)] WW1 - WW_potrzeb_własnych_1_WYŁ." />
      <BO Index="4" OutId="172c5p5" SrcId="172c1m7" SrcType="ppm2" EvtClass="none" CmdType="on" UnBlocked="no" Desc="[BUSZ(2P3)] WW2 - WW_potrzeb_własnych_2_ZAŁ." />
      <BO Index="5" OutId="172c5p6" SrcId="172c1m7" SrcType="ppm2" EvtClass="none" CmdType="off" UnBlocked="no" Desc="[BUSZ(2P4)] WW2 - WW_potrzeb_własnych_2_WYŁ." />
      <BO Index="6" OutId="98c1p1" SrcId="96c0m0" SrcType="ppm2" EvtClass="none" CmdType="on" UnBlocked="no" Desc="[BUSZ(2P7)] PZ1 - WS_Sucha_Beskidzka_ZAŁĄczony" />
      <BO Index="7" OutId="98c1p2" SrcId="96c0m0" SrcType="ppm2" EvtClass="none" CmdType="off" UnBlocked="no" Desc="[BUSZ(2P8)] PZ1 - WS_Sucha_Beskidzka1_WYŁĄczony" />
      <BO Index="8" OutId="97c1p1" SrcId="97c0m0" SrcType="ppm2" EvtClass="none" CmdType="on" UnBlocked="no" Desc="[BUSZ(2P9)] PZ2 - WS_Żywiec_ZAŁĄczony" />
      <BO Index="9" OutId="97c1p2" SrcId="97c0m0" SrcType="ppm2" EvtClass="none" CmdType="off" UnBlocked="no" Desc="[BUSZ(2P10)] PZ2 - WS_Żywiec_WYŁĄczony" />
      <BO Index="10" OutId="124c1p1" SrcId="125c1m0" SrcType="ppm2" EvtClass="none" CmdType="on" UnBlocked="no" Desc="[BUSZ(2P5)] SR - PT_WS_zapasowy_-_ZAŁĄczony" />
      <BO Index="11" OutId="124c1p2" SrcId="125c1m0" SrcType="ppm2" EvtClass="none" CmdType="off" UnBlocked="no" Desc="[BUSZ(2P6)] SR - PT_WS_zapasowy_-_WYŁĄczony" />
      <BO Index="12" OutId="176c1p3" SrcId="176c1m0" SrcType="ppm2" EvtClass="none" CmdType="on" UnBlocked="no" Desc="[BUSZ(4P3)] 010 - odłącznik_-_ZAMKNIĘTY" />
      <BO Index="13" OutId="176c1p4" SrcId="176c1m0" SrcType="ppm2" EvtClass="none" CmdType="off" UnBlocked="no" Desc="[BUSZ(4P4)] 010 - odłącznik_-_otwarty" />
      <BO Index="14" OutId="176c1p5" SrcId="176c1m2" SrcType="ppm2" EvtClass="none" CmdType="on" UnBlocked="no" Desc="[BUSZ(4P5)] 030 - odłącznik_-_ZAMKNIĘTY" />
      <BO Index="15" OutId="176c1p6" SrcId="176c1m2" SrcType="ppm2" EvtClass="none" CmdType="off" UnBlocked="no" Desc="[BUSZ(4P6)] 030 - odłącznik_-_otwarty" />
      <BO Index="16" OutId="176c1p7" SrcId="176c1m4" SrcType="ppm2" EvtClass="none" CmdType="on" UnBlocked="no" Desc="[BUSZ(4P7)] 101 - odłącznik_-_ZAMKNIĘTY" />
      <BO Index="17" OutId="176c1p8" SrcId="176c1m4" SrcType="ppm2" EvtClass="none" CmdType="off" UnBlocked="no" Desc="[BUSZ(4P8)] 101 - odłącznik_-_otwarty" />     
      <BO Index="18" OutId="176c1p15" SrcId="176c0m14" SrcType="ppm2" EvtClass="none" CmdType="on" UnBlocked="no" Desc="[BUSZ(4P15)] Ua - Podwyzszone_napiecie_liniowe_Zalaczone" />
      <BO Index="19" OutId="176c1p16" SrcId="176c0m14" SrcType="ppm2" EvtClass="none" CmdType="on" UnBlocked="no" Desc="[BUSZ(4P16)] Ua - Podwyzszone_napiecie_liniowe_wylaczone" />
      <BO Index="20" OutId="160c1p1" SrcId="160c6m8" SrcType="ppm2" EvtClass="none" CmdType="on" UnBlocked="no" Desc="[BUSZ(1P11)] WZ1 - WZ_zespołu_prost.1_-_ZAŁ." />
      <BO Index="21" OutId="160c1p2" SrcId="160c6m8" SrcType="ppm2" EvtClass="none" CmdType="off" UnBlocked="no" Desc="[BUSZ(1P12)] WZ1 - WZ_zespołu_prost.1_-_WYŁ." />
      <BO Index="22" OutId="161c1p1" SrcId="161c6m8" SrcType="ppm2" EvtClass="none" CmdType="on" UnBlocked="no" Desc="[BUSZ(1P13)] WZ2 - WZ_zespołu_prost.2_-_ZAŁ." />
      <BO Index="23" OutId="161c1p2" SrcId="161c6m8" SrcType="ppm2" EvtClass="none" CmdType="off" UnBlocked="no" Desc="[BUSZ(1P14)] WZ2 - WZ_zespołu_prost.2_-_WYŁ." />
      <BO Index="24" OutId="208c1p1" SrcId="208c6m8" SrcType="ppm2" EvtClass="none" CmdType="on" UnBlocked="no" Desc="[BUSZ(1P3)] WL1 - WL_linii_zasil.1_ZAŁĄczony" />
      <BO Index="25" OutId="208c1p2" SrcId="208c6m8" SrcType="ppm2" EvtClass="none" CmdType="off" UnBlocked="no" Desc="[BUSZ(1P4)] WL1 - WL_linii_zasil.1_WYŁĄczony" />
      <BO Index="26" OutId="209c1p1" SrcId="209c6m8" SrcType="ppm2" EvtClass="none" CmdType="on" UnBlocked="no" Desc="[BUSZ(1P5)] WL2 - WL_linii_zasil.2_ZAŁĄczony" />
      <BO Index="27" OutId="209c1p2" SrcId="209c6m8" SrcType="ppm2" EvtClass="none" CmdType="off" UnBlocked="no" Desc="[BUSZ(1P6)] WL2 - WL_linii_zasil.2_WYŁĄczony" />
      <BO Index="28" OutId="200c1p1" SrcId="200c6m8" SrcType="ppm2" EvtClass="none" CmdType="on" UnBlocked="no" Desc="[BUSZ(1P7)] WN1 - WN_potrzeb_nietrakc.1_ZAŁ." />
      <BO Index="29" OutId="200c1p2" SrcId="200c6m8" SrcType="ppm2" EvtClass="none" CmdType="off" UnBlocked="no" Desc="[BUSZ(1P8)] WN1 - WN_potrzeb_nietrakc.1_WYŁ." />
      <BO Index="30" OutId="201c1p1" SrcId="201c6m8" SrcType="ppm2" EvtClass="none" CmdType="on" UnBlocked="no" Desc="[BUSZ(1P9)] WN2 - WN_potrzeb_nietrakc.2_ZAŁ." />
      <BO Index="31" OutId="201c1p2" SrcId="201c6m8" SrcType="ppm2" EvtClass="none" CmdType="off" UnBlocked="no" Desc="[BUSZ(1P10)] WN2 - WN_potrzeb_nietrakc.2_WYŁ." />
      <BO Index="32" OutId="42c1u1" SrcId="42c1m0" SrcType="ppm2" EvtClass="none" CmdType="on" UnBlocked="no" Desc="[BUSZ(17P1)] KZ4 - WS_kabinowy_Jeleśnia_-_ZAMKNIĘTY" />
      <BO Index="33" OutId="42c1u2" SrcId="42c1m0" SrcType="ppm2" EvtClass="none" CmdType="off" UnBlocked="no" Desc="[BUSZ(17P2)] KZ4 - WS_kabinowy_Jeleśnia_-_otwarty" />
      <BO Index="34" OutId="42c6u7" SrcId="42c1m13" SrcType="ppm2" EvtClass="none" CmdType="on" UnBlocked="no" Desc="[BUSZ(17P9)] UZ4 - WYŁłcznik_KZ4_-_sterowany_automatycznie" />
      <BO Index="35" OutId="42c6u8" SrcId="42c1m13" SrcType="ppm2" EvtClass="none" CmdType="off" UnBlocked="no" Desc="[BUSZ(17P10)] UZ4 - WYŁłcznik_KZ4_-_sterowany_ręcznie" />
      <BO Index="36" OutId="213c1p1" SrcId="" SrcType="ppm2" EvtClass="none" CmdType="off" UnBlocked="no" Desc="[BUSZ(1P2)] PAW - Awaryjne_wyłączenie_podstacji" />
      <BO Index="37" OutId="176c2p3" SrcId="176c2m2" SrcType="ppm2" EvtClass="none" CmdType="on" UnBlocked="no" Desc="[BUSZ(5P3)] B010B - Blokada_Odłącznika_010" />
      <BO Index="38" OutId="176c2p4" SrcId="176c2m2" SrcType="ppm2" EvtClass="none" CmdType="off" UnBlocked="no" Desc="[BUSZ(5P4)] B010B - Odblokowany_odłacznik_010" />
      <BO Index="39" OutId="176c2p5" SrcId="176c2m4" SrcType="ppm2" EvtClass="none" CmdType="on" UnBlocked="no" Desc="[BUSZ(5P5)] B030B - Blokada_Odłącznika_030" />
      <BO Index="40" OutId="176c2p6" SrcId="176c2m4" SrcType="ppm2" EvtClass="none" CmdType="off" UnBlocked="no" Desc="[BUSZ(5P6)] B030B - Odblokowany_odłacznik_030" />
      <BO Index="41" OutId="176c2p7" SrcId="176c2m6" SrcType="ppm2" EvtClass="none" CmdType="on" UnBlocked="no" Desc="[BUSZ(5P7)] B101B - Blokada_Odłącznika_101" />
      <BO Index="42" OutId="176c2p8" SrcId="176c2m6" SrcType="ppm2" EvtClass="none" CmdType="off" UnBlocked="no" Desc="[BUSZ(5P8)] B101B - Odblokowany_odłacznik_101" />
      <BO Index="43" OutId="208c1p3" SrcId="" SrcType="ppm2" EvtClass="none" CmdType="on" UnBlocked="no" Desc="[BUSZ(3P1)] OWL1 - KAzowanie_Zadziałania_zabezpieczeń_OWL1" />      
      <BO Index="44" OutId="209c1p3" SrcId="" SrcType="ppm2" EvtClass="none" CmdType="on" UnBlocked="no" Desc="[BUSZ(3P2)] OWL2 - Kasowanie_Zadziałania_zabezpieczeń_OWL2" /> 
      <BO Index="45" OutId="200c1p3" SrcId="" SrcType="ppm2" EvtClass="none" CmdType="on" UnBlocked="no" Desc="[BUSZ(3P3)] OWN1 - Kasowanie_Zadziałania_zabezpieczeń_OWN1" /> 
      <BO Index="46" OutId="201c1p3" SrcId="" SrcType="ppm2" EvtClass="none" CmdType="on" UnBlocked="no" Desc="[BUSZ(3P4)] OWN2 - Kasowanie_Zadziałania_zabezpieczeń_OWN2" /> 
      <BO Index="47" OutId="160c1p3" SrcId="" SrcType="ppm2" EvtClass="none" CmdType="on" UnBlocked="no" Desc="[BUSZ(3P5)] OWP1 - Kasowanie_Zadziałania_zabezpieczeń_OWP1" /> 
      <BO Index="48" OutId="161c1p3" SrcId="" SrcType="ppm2" EvtClass="none" CmdType="on" UnBlocked="no" Desc="[BUSZ(3P6)] OWP2 - Kasowanie_Zadziałania_zabezpieczeń_OWP2" /> 
      <BO Index="49" OutId="41c6u15" SrcId="40c11m12" SrcType="ppm2" EvtClass="none" CmdType="on" UnBlocked="no" Desc="[BUSZ(20P1)] Pxx.1 - Uzależnienie_międzypodstacyjne_na_kierunku_KATOWICE_1_ZAŁĄCZONE" />
      <BO Index="50" OutId="41c6u16" SrcId="40c11m12" SrcType="ppm2" EvtClass="none" CmdType="off" UnBlocked="no" Desc="[BUSZ(20P2)] Pxx.1 - Uzależnienie_międzypodstacyjne_na_kierunku_KATOWICE_1_WYŁĄCZONE" />
    </BINARY_OUTPUTS>
  </OUTSTATION>
  <OUTSTATION Id="sdnp(2)" Name="PT_JELESNIA -  kanal nr 2" Active="yes">
    <PROTOCOL LocalAddr="1" RemoteAddr="2" AllowUnsolicited="yes" DisableInputInvert="yes" CommandAckTmt="5000ms"/>
    <COMMUNICATION Type="net">
       <NET RemoteAddr="0.0.0.0" RemotePort="20001" Protocol="tcp"/>
    </COMMUNICATION>
    <BINARY_INPUTS RefId="sdnp(1)"/>
    <ANALOG_INPUTS RefId="sdnp(1)"/>
    <BINARY_OUTPUTS RefId="sdnp(1)"/>
  </OUTSTATION>
</DRIVER_DNP3>
