<?xml version="1.0" encoding="utf-8"?>
<?xml-stylesheet type="text/xsl" href="template.xsl"?>

<REPORT>
<OUTSTATION Id="sdnp(1)" Name="PT_JELESNIA - kanal nr 1">
  <DNP3 OutstationAddress="1" MasterAddress="1">
  <COMMUNICATION MasterIpAddress="0.0.0.0" MasterIpPort="20000" Protocol="tcp"/>
  <BINARY_INPUTS>
    <BI Index="0" Source="172c0m15" SrcType="ppm2" EventClass="class 1" Invert="0" ObjectType="bi" BitNo="1" DeviceNo ="172" Device="PT_JELESNIA - kanal nr 1" Object="PP" Report="0m15" RefReport="" Value0="Alarm_pożarowy_-_OK" Value1="A_L_A_R_M__P_O_?_A_R_!" Value2="" Value3="" Other="BUSZ(1m1)"/>
    <BI Index="1" Source="172c0m14" SrcType="ppm2" EventClass="class 1" Invert="0" ObjectType="bi" BitNo="1" DeviceNo ="172" Device="PT_JELESNIA - kanal nr 1" Object="PPU" Report="0m14" RefReport="" Value0="System_P-POŻ_-_OK" Value1="Awaria_systemu_P-POŻ" Value2="" Value3="" Other="BUSZ(1m2)"/>
    <BI Index="2" Source="172c0m13" SrcType="ppm2" EventClass="class 1" Invert="0" ObjectType="bi" BitNo="1" DeviceNo ="172" Device="PT_JELESNIA - kanal nr 1" Object="PW" Report="0m13" RefReport="" Value0="Alarm_włamaniowy_-_OK" Value1="A_L_A_R_M__W_Ł_A_M_A_N_I_E_!" Value2="" Value3="" Other="BUSZ(1m3)"/>
    <BI Index="3" Source="172c1m6" SrcType="ppm2" EventClass="class 1" Invert="0" ObjectType="bi" BitNo="1" DeviceNo ="172" Device="PT_JELESNIA - kanal nr 1" Object="PWL" Report="1m6" RefReport="" Value0="Podstacja_bez_obsługi" Value1="Wejłcie_legalne_na_podstację" Value2="" Value3="" Other="BUSZ(1m4)"/>
    <BI Index="4" Source="212c0m0" SrcType="ppm2" EventClass="class 1" Invert="0" ObjectType="bi" BitNo="1" DeviceNo ="212" Device="PT_JELESNIA - kanal nr 1" Object="PZ" Report="0m0" RefReport="" Value0="*" Value1="obsługa_zdalna_podstacji" Value2="" Value3="" Other="BUSZ(1m5)"/>
    <BI Index="5" Source="212c0m1" SrcType="ppm2" EventClass="class 1" Invert="0" ObjectType="bi" BitNo="1" DeviceNo ="212" Device="PT_JELESNIA - kanal nr 1" Object="PL" Report="0m1" RefReport="" Value0="*" Value1="obsługa_lokalna_podstacji" Value2="" Value3="" Other="BUSZ(1m6)"/>
    <BI Index="6" Source="32c1m0" SrcType="ppm2" EventClass="class 1" Invert="0" ObjectType="bi" BitNo="1" DeviceNo ="32" Device="PT_JELESNIA - kanal nr 1" Object="PCL: uwsp. 1" Report="1m0" RefReport="" Value0="OK" Value1="Sygnalizacja_pracy_remontowej_ochrony_podnapiąciowej" Value2="" Value3="" Other="BUSZ(1m7)"/>
    <BI Index="7" Source="96c0m5" SrcType="ppm2" EventClass="class 1" Invert="0" ObjectType="bi" BitNo="1" DeviceNo ="96" Device="PT_JELESNIA - kanal nr 1" Object="PCL: uwsp. 2" Report="0m5" RefReport="" Value0="OK" Value1="Sygnalizacja_pracy_remontowej_SL1" Value2="" Value3="" Other="BUSZ(1m7)"/>
    <BI Index="8" Source="97c0m5" SrcType="ppm2" EventClass="class 1" Invert="0" ObjectType="bi" BitNo="1" DeviceNo ="97" Device="PT_JELESNIA - kanal nr 1" Object="PCL: uwsp. 3" Report="0m5" RefReport="" Value0="OK" Value1="Sygnalizacja_pracy_remontowej_SL2" Value2="" Value3="" Other="BUSZ(1m7)"/>
    <BI Index="9" Source="124c0m5" SrcType="ppm2" EventClass="class 1" Invert="0" ObjectType="bi" BitNo="1" DeviceNo ="124" Device="PT_JELESNIA - kanal nr 1" Object="PCL: uwsp. 4" Report="0m5" RefReport="" Value0="OK" Value1="Sygnalizacja_pracy_remontowej_SR" Value2="" Value3="" Other="BUSZ(1m7)"/>
    <BI Index="10" Source="160c8m0" SrcType="ppm2" EventClass="class 1" Invert="0" ObjectType="bi" BitNo="1" DeviceNo ="160" Device="PT_JELESNIA - kanal nr 1" Object="PCL: uwsp. 5" Report="8m0" RefReport="" Value0="OK" Value1="Sygnalizacja_pracy_remontowej_WZ1" Value2="" Value3="" Other="BUSZ(1m7)"/>
    <BI Index="11" Source="161c8m0" SrcType="ppm2" EventClass="class 1" Invert="0" ObjectType="bi" BitNo="1" DeviceNo ="161" Device="PT_JELESNIA - kanal nr 1" Object="PCL: uwsp. 6" Report="8m0" RefReport="" Value0="OK" Value1="Sygnalizacja_pracy_remontowej_WZ2" Value2="" Value3="" Other="BUSZ(1m7)"/>
    <BI Index="12" Source="200c8m0" SrcType="ppm2" EventClass="class 1" Invert="0" ObjectType="bi" BitNo="1" DeviceNo ="200" Device="PT_JELESNIA - kanal nr 1" Object="PCL: uwsp. 7" Report="8m0" RefReport="" Value0="OK" Value1="Sygnalizacja_pracy_remontowej_WN1" Value2="" Value3="" Other="BUSZ(1m7)"/>
    <BI Index="13" Source="201c8m0" SrcType="ppm2" EventClass="class 1" Invert="0" ObjectType="bi" BitNo="1" DeviceNo ="201" Device="PT_JELESNIA - kanal nr 1" Object="PCL: uwsp. 7" Report="8m0" RefReport="" Value0="OK" Value1="Sygnalizacja_pracy_remontowej_WN2" Value2="" Value3="" Other="BUSZ(1m7)"/>
    <BI Index="14" Source="208c8m0" SrcType="ppm2" EventClass="class 1" Invert="0" ObjectType="bi" BitNo="1" DeviceNo ="208" Device="PT_JELESNIA - kanal nr 1" Object="PCL: uwsp. 7" Report="8m0" RefReport="" Value0="OK" Value1="Sygnalizacja_pracy_remontowej_WL1" Value2="" Value3="" Other="BUSZ(1m7)"/>
    <BI Index="15" Source="209c8m0" SrcType="ppm2" EventClass="class 1" Invert="0" ObjectType="bi" BitNo="1" DeviceNo ="209" Device="PT_JELESNIA - kanal nr 1" Object="PCL: uwsp. 7" Report="8m0" RefReport="" Value0="OK" Value1="Sygnalizacja_pracy_remontowej_WL2" Value2="" Value3="" Other="BUSZ(1m7)"/>
    <BI Index="16" Source="32c1m9" SrcType="ppm2" EventClass="class 1" Invert="0" ObjectType="bi" BitNo="1" DeviceNo ="32" Device="PT_JELESNIA - kanal nr 1" Object="PU1" Report="1m9" RefReport="" Value0="Doziemienie_szyny_-_OK" Value1="Doziemienie_szyny_minusowej" Value2="" Value3="" Other="BUSZ(1m8)"/>
    <BI Index="17" Source="32c1m8" SrcType="ppm2" EventClass="class 1" Invert="0" ObjectType="bi" BitNo="1" DeviceNo ="32" Device="PT_JELESNIA - kanal nr 1" Object="PU2" Report="1m8" RefReport="" Value0="OK" Value1="zadziałanie_TUZZ" Value2="" Value3="" Other="BUSZ(1m9)"/>
    <BI Index="18" Source="36c1m5" SrcType="ppm2" EventClass="class 1" Invert="0" ObjectType="bi" BitNo="1" DeviceNo ="36" Device="PT_JELESNIA - kanal nr 1" Object="PU3" Report="1m5" RefReport="" Value0="OK" Value1="zadziałanie_NAP-TRAK" Value2="" Value3="" Other="BUSZ(1m10)"/>
    <BI Index="19" Source="36c1m4" SrcType="ppm2" EventClass="class 1" Invert="0" ObjectType="bi" BitNo="1" DeviceNo ="36" Device="PT_JELESNIA - kanal nr 1" Object="PU4" Report="1m4" RefReport="" Value0="OK" Value1="Brak_gotowo?ci_NAP-TRAK" Value2="" Value3="" Other="BUSZ(1m11)"/>
    <BI Index="20" Source="32c1m1" SrcType="ppm2" EventClass="class 1" Invert="0" ObjectType="bi" BitNo="1" DeviceNo ="32" Device="PT_JELESNIA - kanal nr 1" Object="PU11: uwsp. 1" Report="1m1" RefReport="" Value0="OK" Value1="Sygnalizacja_zaniku_nap.pom.(+/-)U1_lub(+/-)U2_w_szafce_OP" Value2="" Value3="" Other="BUSZ(1m12)"/>
    <BI Index="21" Source="96c1m15" SrcType="ppm2" EventClass="class 1" Invert="0" ObjectType="bi" BitNo="1" DeviceNo ="96" Device="PT_JELESNIA - kanal nr 1" Object="PU11: uwsp. 2" Report="1m15" RefReport="" Value0="OK" Value1="Sygnalizacja_zaniku_nap.pom.(+/-)U_zasilacza_SL1" Value2="" Value3="" Other="BUSZ(1m12)"/>
    <BI Index="22" Source="96c1m7" SrcType="ppm2" EventClass="class 1" Invert="0" ObjectType="bi" BitNo="1" DeviceNo ="96" Device="PT_JELESNIA - kanal nr 1" Object="PU11: uwsp. 3" Report="1m7" RefReport="" Value0="OK" Value1="Sygnalizacja_zaniku_nap.pom.(+/-)N_zasilacza_SL1" Value2="" Value3="" Other="BUSZ(1m12)"/>
    <BI Index="23" Source="97c1m15" SrcType="ppm2" EventClass="class 1" Invert="0" ObjectType="bi" BitNo="1" DeviceNo ="97" Device="PT_JELESNIA - kanal nr 1" Object="PU11: uwsp. 4" Report="1m15" RefReport="" Value0="OK" Value1="Sygnalizacja_zaniku_nap.pom.(+/-)U_zasilacza_SL2" Value2="" Value3="" Other="BUSZ(1m12)"/>
    <BI Index="24" Source="97c1m7" SrcType="ppm2" EventClass="class 1" Invert="0" ObjectType="bi" BitNo="1" DeviceNo ="97" Device="PT_JELESNIA - kanal nr 1" Object="PU11: uwsp. 5" Report="1m7" RefReport="" Value0="OK" Value1="Sygnalizacja_zaniku_nap.pom.(+/-)N_zasilacza_SL2" Value2="" Value3="" Other="BUSZ(1m12)"/>
    <BI Index="25" Source="125c1m15" SrcType="ppm2" EventClass="class 1" Invert="0" ObjectType="bi" BitNo="1" DeviceNo ="125" Device="PT_JELESNIA - kanal nr 1" Object="PU11: uwsp. 6" Report="1m15" RefReport="" Value0="OK" Value1="Sygnalizacja_zaniku_nap.pom.(+/-)U_zasilacza_SR" Value2="" Value3="" Other="BUSZ(1m12)"/>
    <BI Index="26" Source="125c1m7" SrcType="ppm2" EventClass="class 1" Invert="0" ObjectType="bi" BitNo="1" DeviceNo ="125" Device="PT_JELESNIA - kanal nr 1" Object="PU11: uwsp. 7" Report="1m7" RefReport="" Value0="OK" Value1="Sygnalizacja_zaniku_nap.pom.(+/-)N_zasilacza_SR" Value2="" Value3="" Other="BUSZ(1m12)"/>
    <BI Index="27" Source="160c8m6" SrcType="ppm2" EventClass="class 1" Invert="0" ObjectType="bi" BitNo="1" DeviceNo ="160" Device="PT_JELESNIA - kanal nr 1" Object="PU15" Report="8m6" RefReport="" Value0="OK" Value1="Sygnalizacja_zaniku_nap.pom.(+/-U)_zasilacza_WZ1" Value2="" Value3="" Other="BUSZ(1m13)"/>
    <BI Index="28" Source="160c8m5" SrcType="ppm2" EventClass="class 1" Invert="0" ObjectType="bi" BitNo="1" DeviceNo ="160" Device="PT_JELESNIA - kanal nr 1" Object="PU12: uwsp. 1" Report="8m5" RefReport="" Value0="OK" Value1="Sygnalizacja_zaniku_nap.pom.(+/-N)_zasilacza_WZ1" Value2="" Value3="" Other="BUSZ(1m13)"/>
    <BI Index="29" Source="161c8m6" SrcType="ppm2" EventClass="class 1" Invert="0" ObjectType="bi" BitNo="1" DeviceNo ="161" Device="PT_JELESNIA - kanal nr 1" Object="PU12: uwsp. 2" Report="8m6" RefReport="" Value0="OK" Value1="Sygnalizacja_zaniku_nap.pom.(+/-U)_zasilacza_WZ2" Value2="" Value3="" Other="BUSZ(1m13)"/>
    <BI Index="30" Source="161c8m5" SrcType="ppm2" EventClass="class 1" Invert="0" ObjectType="bi" BitNo="1" DeviceNo ="161" Device="PT_JELESNIA - kanal nr 1" Object="PU12: uwsp. 3" Report="8m5" RefReport="" Value0="OK" Value1="Sygnalizacja_zaniku_nap.pom.(+/-N)_zasilacza_WZ2" Value2="" Value3="" Other="BUSZ(1m13)"/>
    <BI Index="31" Source="200c8m6" SrcType="ppm2" EventClass="class 1" Invert="0" ObjectType="bi" BitNo="1" DeviceNo ="200" Device="PT_JELESNIA - kanal nr 1" Object="PU12: uwsp. 4" Report="8m6" RefReport="" Value0="OK" Value1="Sygnalizacja_zaniku_nap.pom.(+/-U)_zasilacza_WN1" Value2="" Value3="" Other="BUSZ(1m13)"/>
    <BI Index="32" Source="200c8m5" SrcType="ppm2" EventClass="class 1" Invert="0" ObjectType="bi" BitNo="1" DeviceNo ="200" Device="PT_JELESNIA - kanal nr 1" Object="PU12: uwsp. 5" Report="8m5" RefReport="" Value0="OK" Value1="Sygnalizacja_zaniku_nap.pom.(+/-N)_zasilacza_WN1" Value2="" Value3="" Other="BUSZ(1m13)"/>
    <BI Index="33" Source="201c8m6" SrcType="ppm2" EventClass="class 1" Invert="0" ObjectType="bi" BitNo="1" DeviceNo ="201" Device="PT_JELESNIA - kanal nr 1" Object="PU12: uwsp. 6" Report="8m6" RefReport="" Value0="OK" Value1="Sygnalizacja_zaniku_nap.pom.(+/-U)_zasilacza_WN2" Value2="" Value3="" Other="BUSZ(1m13)"/>
    <BI Index="34" Source="201c8m5" SrcType="ppm2" EventClass="class 1" Invert="0" ObjectType="bi" BitNo="1" DeviceNo ="201" Device="PT_JELESNIA - kanal nr 1" Object="PU12: uwsp. 7" Report="8m5" RefReport="" Value0="OK" Value1="Sygnalizacja_zaniku_nap.pom.(+/-N)_zasilacza_WN2" Value2="" Value3="" Other="BUSZ(1m13)"/>
    <BI Index="35" Source="208c8m6" SrcType="ppm2" EventClass="class 1" Invert="0" ObjectType="bi" BitNo="1" DeviceNo ="208" Device="PT_JELESNIA - kanal nr 1" Object="PU12: uwsp. 8" Report="8m6" RefReport="" Value0="OK" Value1="Sygnalizacja_zaniku_nap.pom.(+/-U)_zasilacza_WL1" Value2="" Value3="" Other="BUSZ(1m13)"/>
    <BI Index="36" Source="208c8m5" SrcType="ppm2" EventClass="class 1" Invert="0" ObjectType="bi" BitNo="1" DeviceNo ="208" Device="PT_JELESNIA - kanal nr 1" Object="PU12: uwsp. 9" Report="8m5" RefReport="" Value0="OK" Value1="Sygnalizacja_zaniku_nap.pom.(+/-N)_zasilacza_WL1" Value2="" Value3="" Other="BUSZ(1m13)"/>
    <BI Index="37" Source="209c8m6" SrcType="ppm2" EventClass="class 1" Invert="0" ObjectType="bi" BitNo="1" DeviceNo ="209" Device="PT_JELESNIA - kanal nr 1" Object="PU12: uwsp. 10" Report="8m6" RefReport="" Value0="OK" Value1="Sygnalizacja_zaniku_nap.pom.(+/-U)_zasilacza_WL2" Value2="" Value3="" Other="BUSZ(1m13)"/>
    <BI Index="38" Source="209c8m5" SrcType="ppm2" EventClass="class 1" Invert="0" ObjectType="bi" BitNo="1" DeviceNo ="209" Device="PT_JELESNIA - kanal nr 1" Object="PU12: uwsp. 11" Report="8m5" RefReport="" Value0="OK" Value1="Sygnalizacja_zaniku_nap.pom.(+/-N)_zasilacza_WL2" Value2="" Value3="" Other="BUSZ(1m13)"/>
    <BI Index="39" Source="172c7m1" SrcType="ppm2" EventClass="class 1" Invert="0" ObjectType="bi" BitNo="1" DeviceNo ="172" Device="PT_JELESNIA - kanal nr 1" Object="PU13" Report="7m1" RefReport="" Value0="OK" Value1="Sygnalizacja_zaniku_napięć_pomocniczych_automatyki_SZR" Value2="" Value3="" Other="BUSZ(1m14)"/>
    <BI Index="40" Source="172c5m0" SrcType="ppm2" EventClass="class 1" Invert="0" ObjectType="bi" BitNo="1" DeviceNo ="172" Device="PT_JELESNIA - kanal nr 1" Object="PU14" Report="5m0" RefReport="" Value0="napięcie_380/220V_-_OK" Value1="Napięcie_380/220V_-_ZANIK_napięć_pomocniczych_fazy_L1" Value2="" Value3="" Other="BUSZ(1m15)"/>
    <BI Index="41" Source="172c5m1" SrcType="ppm2" EventClass="class 1" Invert="0" ObjectType="bi" BitNo="1" DeviceNo ="172" Device="PT_JELESNIA - kanal nr 1" Object="PU14" Report="5m1" RefReport="" Value0="napięcie_380/220V_-_OK" Value1="Napięcie_380/220V_-_ZANIK_napięć_pomocniczych_fazy_L2" Value2="" Value3="" Other="BUSZ(1m15)"/>
    <BI Index="42" Source="172c5m2" SrcType="ppm2" EventClass="class 1" Invert="0" ObjectType="bi" BitNo="1" DeviceNo ="172" Device="PT_JELESNIA - kanal nr 1" Object="PU14" Report="5m2" RefReport="" Value0="napięcie_380/220V_-_OK" Value1="Napięcie_380/220V_-_ZANIK_napięć_pomocniczych_fazy_L3" Value2="" Value3="" Other="BUSZ(1m15)"/>
    <BI Index="43" Source="32c1m0" SrcType="ppm2" EventClass="class 1" Invert="0" ObjectType="bi" BitNo="1" DeviceNo ="32" Device="PT_JELESNIA - kanal nr 1" Object="PU16" Report="1m0" RefReport="" Value0="OK" Value1="Sygnalizacja_braku_napięć_zasilania_urządzenia_EZZ" Value2="" Value3="" Other="BUSZ(1m16)"/>
    <BI Index="44" Source="160c7m2" SrcType="ppm2" EventClass="class 1" Invert="0" ObjectType="bi" BitNo="1" DeviceNo ="160" Device="PT_JELESNIA - kanal nr 1" Object="PU21A: uwsp. 1" Report="7m2" RefReport="" Value0="OK" Value1="Zadziałanie_zabezpieczenia_technologicznego_I_stopien" Value2="" Value3="" Other="BUSZ(2m1)"/>
    <BI Index="45" Source="160c7m4" SrcType="ppm2" EventClass="class 1" Invert="0" ObjectType="bi" BitNo="1" DeviceNo ="160" Device="PT_JELESNIA - kanal nr 1" Object="PU21A: uwsp. 2" Report="7m4" RefReport="" Value0="OK" Value1="Zadziałanie_zabezpieczenia_gazowo-przeplywowego_I_stopien" Value2="" Value3="" Other="BUSZ(2m1)"/>
    <BI Index="46" Source="160c8m6" SrcType="ppm2" EventClass="class 1" Invert="0" ObjectType="bi" BitNo="1" DeviceNo ="160" Device="PT_JELESNIA - kanal nr 1" Object="PU21A: uwsp. 3" Report="8m6" RefReport="" Value0="OK" Value1="Sygnalizacja_zaniku(+/-)U" Value2="" Value3="" Other="BUSZ(2m1)"/>
    <BI Index="47" Source="160c8m7" SrcType="ppm2" EventClass="class 1" Invert="0" ObjectType="bi" BitNo="1" DeviceNo ="160" Device="PT_JELESNIA - kanal nr 1" Object="PU21A: uwsp. 4" Report="8m7" RefReport="" Value0="OK" Value1="Sygnalizacja_zaniku(+/-)N" Value2="" Value3="" Other="BUSZ(2m1)"/>
    <BI Index="48" Source="160c7m3" SrcType="ppm2" EventClass="class 1" Invert="0" ObjectType="bi" BitNo="1" DeviceNo ="160" Device="PT_JELESNIA - kanal nr 1" Object="PU21B: uwsp. 1" Report="7m3" RefReport="" Value0="OK" Value1="Zadziałanie_zabezpieczenia_technologicznego_II_stopien" Value2="" Value3="" Other="BUSZ(2m2)"/>
    <BI Index="49" Source="160c7m5" SrcType="ppm2" EventClass="class 1" Invert="0" ObjectType="bi" BitNo="1" DeviceNo ="160" Device="PT_JELESNIA - kanal nr 1" Object="PU21B: uwsp. 2" Report="7m5" RefReport="" Value0="OK" Value1="Zadziałanie_zabezpieczenia_gazowo-przepływowego_II_stopien" Value2="" Value3="" Other="BUSZ(2m2)"/>
    <BI Index="50" Source="160c6m1" SrcType="ppm2" EventClass="class 1" Invert="0" ObjectType="bi" BitNo="1" DeviceNo ="160" Device="PT_JELESNIA - kanal nr 1" Object="PU21C: uwsp. 1" Report="6m1" RefReport="" Value0="OK" Value1="Zadziałanie_zabezpieczenia_technologicznego_I_stopien" Value2="" Value3="" Other="BUSZ(2m3)"/>
    <BI Index="51" Source="160c6m2" SrcType="ppm2" EventClass="class 1" Invert="0" ObjectType="bi" BitNo="1" DeviceNo ="160" Device="PT_JELESNIA - kanal nr 1" Object="PU21C: uwsp. 2" Report="6m2" RefReport="" Value0="OK" Value1="Zadziałanie_zabezpieczenia_gazowo-przepływowego_II_stopien" Value2="" Value3="" Other="BUSZ(2m3)"/>
    <BI Index="52" Source="160c6m3" SrcType="ppm2" EventClass="class 1" Invert="0" ObjectType="bi" BitNo="1" DeviceNo ="160" Device="PT_JELESNIA - kanal nr 1" Object="PU21C: uwsp. 3" Report="6m3" RefReport="" Value0="OK" Value1="Zadziałania_zabezpieczenia_przeciążeniowego_zależnego" Value2="" Value3="" Other="BUSZ(2m3)"/>
    <BI Index="53" Source="161c7m2" SrcType="ppm2" EventClass="class 1" Invert="0" ObjectType="bi" BitNo="1" DeviceNo ="161" Device="PT_JELESNIA - kanal nr 1" Object="PU22A: uwsp. 1" Report="7m2" RefReport="" Value0="OK" Value1="Zadziałanie_zabezpieczenia_technologicznego_I_stopien" Value2="" Value3="" Other="BUSZ(2m4)"/>
    <BI Index="54" Source="161c7m4" SrcType="ppm2" EventClass="class 1" Invert="0" ObjectType="bi" BitNo="1" DeviceNo ="161" Device="PT_JELESNIA - kanal nr 1" Object="PU22A: uwsp. 2" Report="7m4" RefReport="" Value0="OK" Value1="Zadziałanie_zabezpieczenia_gazowo-przepływowego_I_stopien" Value2="" Value3="" Other="BUSZ(2m4)"/>
    <BI Index="55" Source="161c8m6" SrcType="ppm2" EventClass="class 1" Invert="0" ObjectType="bi" BitNo="1" DeviceNo ="161" Device="PT_JELESNIA - kanal nr 1" Object="PU22A: uwsp. 3" Report="8m6" RefReport="" Value0="OK" Value1="Sygnalizacja_zaniku(+/-)U" Value2="" Value3="" Other="BUSZ(2m4)"/>
    <BI Index="56" Source="161c8m7" SrcType="ppm2" EventClass="class 1" Invert="0" ObjectType="bi" BitNo="1" DeviceNo ="161" Device="PT_JELESNIA - kanal nr 1" Object="PU22A: uwsp. 4" Report="8m7" RefReport="" Value0="OK" Value1="Sygnalizacja_zaniku(+/-)N" Value2="" Value3="" Other="BUSZ(2m4)"/>
    <BI Index="57" Source="161c7m3" SrcType="ppm2" EventClass="class 1" Invert="0" ObjectType="bi" BitNo="1" DeviceNo ="161" Device="PT_JELESNIA - kanal nr 1" Object="PU22B: uwsp. 1" Report="7m3" RefReport="" Value0="OK" Value1="Zadziałanie_zabezpieczenia_technologicznego_II_stopien" Value2="" Value3="" Other="BUSZ(2m5)"/>
    <BI Index="58" Source="161c7m5" SrcType="ppm2" EventClass="class 1" Invert="0" ObjectType="bi" BitNo="1" DeviceNo ="161" Device="PT_JELESNIA - kanal nr 1" Object="PU22B: uwsp. 2" Report="7m5" RefReport="" Value0="OK" Value1="Zadziałanie_zabezpieczenia_gazowo-przepływowego_I_stopien" Value2="" Value3="" Other="BUSZ(2m5)"/>
    <BI Index="59" Source="161c6m1" SrcType="ppm2" EventClass="class 1" Invert="0" ObjectType="bi" BitNo="1" DeviceNo ="161" Device="PT_JELESNIA - kanal nr 1" Object="PU22C: uwsp. 1" Report="6m1" RefReport="" Value0="OK" Value1="Zadziałanie_zabezpieczenia_technologicznego_II_stopien" Value2="" Value3="" Other="BUSZ(2m6)"/>
    <BI Index="60" Source="161c6m2" SrcType="ppm2" EventClass="class 1" Invert="0" ObjectType="bi" BitNo="1" DeviceNo ="161" Device="PT_JELESNIA - kanal nr 1" Object="PU22C: uwsp. 2" Report="6m2" RefReport="" Value0="OK" Value1="Zadziałanie_zabezpieczenia_gazowo-przepływowego_I_stopien" Value2="" Value3="" Other="BUSZ(2m6)"/>
    <BI Index="61" Source="161c6m3" SrcType="ppm2" EventClass="class 1" Invert="0" ObjectType="bi" BitNo="1" DeviceNo ="161" Device="PT_JELESNIA - kanal nr 1" Object="PU22C: uwsp. 3" Report="6m3" RefReport="" Value0="OK" Value1="Zadziałania_zabezpieczenia_przeciążeniowego_zależnego" Value2="" Value3="" Other="BUSZ(2m6)"/>
    <BI Index="62" Source="172c2m3" SrcType="ppm2" EventClass="class 1" Invert="0" ObjectType="bi" BitNo="1" DeviceNo ="172" Device="PT_JELESNIA - kanal nr 1" Object="PU18" Report="2m3" RefReport="" Value0="OK" Value1="Sygnalizacja_przekroczenia_mocy_15_min." Value2="" Value3="" Other="BUSZ(2m16)"/>
    <BI Index="63" Source="208c6m8" SrcType="ppm2" EventClass="class 1" Invert="0" ObjectType="dbi" BitNo="1" DeviceNo ="208" Device="PT_JELESNIA - kanal nr 1" Object="WL1" Report="6m8" RefReport="0m4" Value0="nieustalony" Value1="Wyłączony_WL1" Value2="" Value3="" Other="BUSZ(4m3)"/>
    <BI Index="64" Source="208c6m9" SrcType="ppm2" EventClass="class 1" Invert="0" ObjectType="dbi" BitNo="2" DeviceNo ="208" Device="PT_JELESNIA - kanal nr 1" Object="WL1" Report="6m9" RefReport="0m3" Value0="" Value1="" Value2="Załączony_WL1" Value3="stan_nieustalony" Other="BUSZ(4m4)"/>
    <BI Index="65" Source="209c6m8" SrcType="ppm2" EventClass="class 1" Invert="0" ObjectType="dbi" BitNo="1" DeviceNo ="209" Device="PT_JELESNIA - kanal nr 1" Object="WL2" Report="6m8" RefReport="0m4" Value0="nieustalony" Value1="Wyłączony_WL2" Value2="" Value3="" Other="BUSZ(4m5)"/>
    <BI Index="66" Source="209c6m9" SrcType="ppm2" EventClass="class 1" Invert="0" ObjectType="dbi" BitNo="2" DeviceNo ="209" Device="PT_JELESNIA - kanal nr 1" Object="WL2" Report="6m9" RefReport="0m3" Value0="" Value1="" Value2="Załączony_WL2" Value3="stan_nieustalony" Other="BUSZ(4m6)"/>
    <BI Index="67" Source="200c6m8" SrcType="ppm2" EventClass="class 1" Invert="0" ObjectType="dbi" BitNo="1" DeviceNo ="200" Device="PT_JELESNIA - kanal nr 1" Object="WN1" Report="6m8" RefReport="0m4" Value0="nieustalony" Value1="Wyłączony_WN1" Value2="" Value3="" Other="BUSZ(4m7)"/>
    <BI Index="68" Source="200c6m9" SrcType="ppm2" EventClass="class 1" Invert="0" ObjectType="dbi" BitNo="2" DeviceNo ="200" Device="PT_JELESNIA - kanal nr 1" Object="WN1" Report="6m9" RefReport="0m3" Value0="" Value1="" Value2="Załączony_WN1" Value3="stan_nieustalony" Other="BUSZ(4m8)"/>
    <BI Index="69" Source="201c6m8" SrcType="ppm2" EventClass="class 1" Invert="0" ObjectType="dbi" BitNo="1" DeviceNo ="201" Device="PT_JELESNIA - kanal nr 1" Object="WN2" Report="6m8" RefReport="0m4" Value0="nieustalony" Value1="Wyłączony_WN2" Value2="" Value3="" Other="BUSZ(4m9)"/>
    <BI Index="70" Source="201c6m9" SrcType="ppm2" EventClass="class 1" Invert="0" ObjectType="dbi" BitNo="2" DeviceNo ="201" Device="PT_JELESNIA - kanal nr 1" Object="WN2" Report="6m9" RefReport="0m3" Value0="" Value1="" Value2="Załączony_WN2" Value3="stan_nieustalony" Other="BUSZ(4m10)"/>
    <BI Index="71" Source="160c6m8" SrcType="ppm2" EventClass="class 1" Invert="0" ObjectType="dbi" BitNo="1" DeviceNo ="160" Device="PT_JELESNIA - kanal nr 1" Object="WZ1" Report="6m8" RefReport="0m4" Value0="nieustalony" Value1="Wyłączony_WZ1" Value2="" Value3="" Other="BUSZ(4m11)"/>
    <BI Index="72" Source="160c6m9" SrcType="ppm2" EventClass="class 1" Invert="0" ObjectType="dbi" BitNo="2" DeviceNo ="160" Device="PT_JELESNIA - kanal nr 1" Object="WZ1" Report="6m9" RefReport="0m3" Value0="" Value1="" Value2="Załączony_WZ1" Value3="stan_nieustalony" Other="BUSZ(4m12)"/>
    <BI Index="73" Source="161c6m8" SrcType="ppm2" EventClass="class 1" Invert="0" ObjectType="dbi" BitNo="1" DeviceNo ="161" Device="PT_JELESNIA - kanal nr 1" Object="WZ2" Report="6m8" RefReport="0m4" Value0="nieustalony" Value1="Wyłączony_WZ2" Value2="" Value3="" Other="BUSZ(4m13)"/>
    <BI Index="74" Source="161c6m9" SrcType="ppm2" EventClass="class 1" Invert="0" ObjectType="dbi" BitNo="2" DeviceNo ="161" Device="PT_JELESNIA - kanal nr 1" Object="WZ2" Report="6m9" RefReport="0m3" Value0="" Value1="" Value2="Załączony_WZ2" Value3="stan_nieustalony" Other="BUSZ(4m14)"/>
    <BI Index="75" Source="32c1m3" SrcType="ppm2" EventClass="class 1" Invert="0" ObjectType="dbi" BitNo="1" DeviceNo ="32" Device="PT_JELESNIA - kanal nr 1" Object="SP" Report="1m3" RefReport="0m4" Value0="nieustalony" Value1="Sygnalizacja_wyłączenia_ochrony_podnapięciowej" Value2="" Value3="" Other="BUSZ(4m15)"/>
    <BI Index="76" Source="32c1m4" SrcType="ppm2" EventClass="class 1" Invert="0" ObjectType="dbi" BitNo="2" DeviceNo ="32" Device="PT_JELESNIA - kanal nr 1" Object="SP" Report="1m4" RefReport="0m3" Value0="" Value1="" Value2="Sygnalizacja_załączenia_ochrony_podnapięciowej" Value3="stan_nieustalony" Other="BUSZ(4m16)"/>
    <BI Index="77" Source="172c1m5" SrcType="ppm2" EventClass="class 1" Invert="0" ObjectType="dbi" BitNo="1" DeviceNo ="172" Device="PT_JELESNIA - kanal nr 1" Object="WW1" Report="1m5" RefReport="0m7" Value0="nieustalony" Value1="WW_potrzeb_własnych_1_WYŁ." Value2="" Value3="" Other="BUSZ(5m1)"/>
    <BI Index="78" Source="172c1m6" SrcType="ppm2" EventClass="class 1" Invert="0" ObjectType="dbi" BitNo="2" DeviceNo ="172" Device="PT_JELESNIA - kanal nr 1" Object="WW1" Report="1m6" RefReport="0m6" Value0="" Value1="" Value2="WW_potrzeb_własnych_1_ZAŁ." Value3="stan_nieustalony" Other="BUSZ(5m2)"/>
    <BI Index="79" Source="172c1m7" SrcType="ppm2" EventClass="class 1" Invert="0" ObjectType="dbi" BitNo="1" DeviceNo ="172" Device="PT_JELESNIA - kanal nr 1" Object="WW2" Report="1m7" RefReport="0m9" Value0="nieustalony" Value1="WW_potrzeb_własnych_2_WYŁ." Value2="" Value3="" Other="BUSZ(5m3)"/>
    <BI Index="80" Source="172c1m8" SrcType="ppm2" EventClass="class 1" Invert="0" ObjectType="dbi" BitNo="2" DeviceNo ="172" Device="PT_JELESNIA - kanal nr 1" Object="WW2" Report="1m8" RefReport="0m8" Value0="" Value1="" Value2="WW_potrzeb_własnych_2_ZAŁ." Value3="stan_nieustalony" Other="BUSZ(5m4)"/>
    <BI Index="81" Source="125c0m0" SrcType="ppm2" EventClass="class 1" Invert="0" ObjectType="dbi" BitNo="1" DeviceNo ="125" Device="PT_JELESNIA - kanal nr 1" Object="SR" Report="0m0" RefReport="0m1" Value0="nieustalony" Value1="PT_WS_zapasowy_-_WYŁĄczony_" Value2="" Value3="" Other="BUSZ(5m5)"/>
    <BI Index="82" Source="125c0m1" SrcType="ppm2" EventClass="class 1" Invert="0" ObjectType="dbi" BitNo="2" DeviceNo ="125" Device="PT_JELESNIA - kanal nr 1" Object="SR" Report="0m1" RefReport="0m0" Value0="" Value1="" Value2="PT_WS_zapasowy_-_ZAŁĄczony" Value3="stan_nieustalony" Other="BUSZ(5m6)"/>
    <BI Index="83" Source="96c0m0" SrcType="ppm2" EventClass="class 1" Invert="0" ObjectType="dbi" BitNo="1" DeviceNo ="96" Device="PT_JELESNIA - kanal nr 1" Object="PZ1" Report="0m0" RefReport="0m1" Value0="nieustalony" Value1="WS_Sucha_Beskidzka_WYŁĄczony" Value2="" Value3="" Other="BUSZ(5m7)"/>
    <BI Index="84" Source="96c0m1" SrcType="ppm2" EventClass="class 1" Invert="0" ObjectType="dbi" BitNo="2" DeviceNo ="96" Device="PT_JELESNIA - kanal nr 1" Object="PZ1" Report="0m1" RefReport="0m0" Value0="" Value1="" Value2="WS_Sucha_Beskidzka_ZAŁĄczony" Value3="stan_nieustalony" Other="BUSZ(5m8)"/>
    <BI Index="85" Source="96c0m2" SrcType="ppm2" EventClass="class 1" Invert="0" ObjectType="dbi" BitNo="1" DeviceNo ="96" Device="PT_JELESNIA - kanal nr 1" Object="PZOZ1" Report="0m2" RefReport="0m3" Value0="nieustalony" Value1="PT_odłącznik_WS_-_OTWARTY" Value2="" Value3="" Other="BUSZ(5m13)"/>
    <BI Index="86" Source="96c0m3" SrcType="ppm2" EventClass="class 1" Invert="0" ObjectType="dbi" BitNo="2" DeviceNo ="96" Device="PT_JELESNIA - kanal nr 1" Object="PZOZ1" Report="0m3" RefReport="0m2" Value0="" Value1="" Value2="PT_odłącznik_WS_-_ZAMKNIĘTY" Value3="stan_nieustalony" Other="BUSZ(5m14)"/>
    <BI Index="87" Source="97c0m0" SrcType="ppm2" EventClass="class 1" Invert="0" ObjectType="dbi" BitNo="1" DeviceNo ="97" Device="PT_JELESNIA - kanal nr 1" Object="PZ2" Report="0m0" RefReport="0m1" Value0="nieustalony" Value1="WS_Żywiec_WYŁĄczony" Value2="" Value3="" Other="BUSZ(5m9)"/>
    <BI Index="88" Source="97c0m1" SrcType="ppm2" EventClass="class 1" Invert="0" ObjectType="dbi" BitNo="2" DeviceNo ="97" Device="PT_JELESNIA - kanal nr 1" Object="PZ2" Report="0m1" RefReport="0m0" Value0="" Value1="" Value2="WS_Żywiec_ZAŁĄczony" Value3="stan_nieustalony" Other="BUSZ(5m10)"/>
    <BI Index="89" Source="97c0m2" SrcType="ppm2" EventClass="class 1" Invert="0" ObjectType="dbi" BitNo="1" DeviceNo ="97" Device="PT_JELESNIA - kanal nr 1" Object="PZOZ2" Report="0m2" RefReport="0m3" Value0="nieustalony" Value1="PT_odłącznik_WS_-_OTWARTY" Value2="" Value3="" Other="BUSZ(5m15)"/>
    <BI Index="90" Source="97c0m3" SrcType="ppm2" EventClass="class 1" Invert="0" ObjectType="dbi" BitNo="2" DeviceNo ="97" Device="PT_JELESNIA - kanal nr 1" Object="PZOZ2" Report="0m3" RefReport="0m2" Value0="" Value1="" Value2="PT_odłącznik_WS_-_ZAMKNIĘTY" Value3="stan_nieustalony" Other="BUSZ(5m16)"/>
    <BI Index="91" Source="125c0m2" SrcType="ppm2" EventClass="class 1" Invert="0" ObjectType="dbi" BitNo="1" DeviceNo ="125" Device="PT_JELESNIA - kanal nr 1" Object="SROG" Report="0m2" RefReport="0m3" Value0="nieustalony" Value1="Sygnalizacja_stanu_otwarcia_odłącznika_szyny_główne_SR" Value2="" Value3="" Other="BUSZ(5m11)"/>
    <BI Index="92" Source="125c0m3" SrcType="ppm2" EventClass="class 1" Invert="0" ObjectType="dbi" BitNo="2" DeviceNo ="125" Device="PT_JELESNIA - kanal nr 1" Object="SROG" Report="0m3" RefReport="0m2" Value0="" Value1="" Value2="Sygnalizacja_stanu_zamknięcia_odłącznika_szyny_główne_SR" Value3="stan_nieustalony" Other="BUSZ(5m12)"/>
    <BI Index="93" Source="176c0m0" SrcType="ppm2" EventClass="class 1" Invert="0" ObjectType="bi" BitNo="1" DeviceNo ="176" Device="PT_JELESNIA - kanal nr 1" Object="UaZ" Report="0m0" RefReport="" Value0="Ua_Obsługa_lokalna" Value1="Ua_Obsługa_zdalna" Value2="" Value3="" Other="BUSZ(7m1)"/>
    <BI Index="94" Source="176c0m1" SrcType="ppm2" EventClass="class 1" Invert="0" ObjectType="bi" BitNo="1" DeviceNo ="176" Device="PT_JELESNIA - kanal nr 1" Object="UaU" Report="0m1" RefReport="" Value0="Ua_Napięcie_liniowe_-_OK" Value1="Ua_Napięcie_liniowe_-_zanik" Value2="" Value3="" Other="BUSZ(7m2)"/>
    <BI Index="95" Source="176c5m0" SrcType="ppm2" EventClass="class 1" Invert="0" ObjectType="dbi" BitNo="1" DeviceNo ="176" Device="PT_JELESNIA - kanal nr 1" Object="010" Report="5m0" RefReport="5m1" Value0="nieustalony" Value1="odłącznik_-_otwarty" Value2="" Value3="" Other="BUSZ(7m3)"/>
    <BI Index="96" Source="176c5m1" SrcType="ppm2" EventClass="class 1" Invert="0" ObjectType="dbi" BitNo="2" DeviceNo ="176" Device="PT_JELESNIA - kanal nr 1" Object="010" Report="5m1" RefReport="5m0" Value0="" Value1="" Value2="odłącznik_-_ZAMKNIĘTY" Value3="stan_nieustalony" Other="BUSZ(7m4)"/>
    <BI Index="97" Source="176c5m2" SrcType="ppm2" EventClass="class 1" Invert="0" ObjectType="dbi" BitNo="1" DeviceNo ="176" Device="PT_JELESNIA - kanal nr 1" Object="030" Report="5m2" RefReport="5m3" Value0="nieustalony" Value1="odłącznik_-_otwarty" Value2="" Value3="" Other="BUSZ(7m5)"/>
    <BI Index="98" Source="176c5m3" SrcType="ppm2" EventClass="class 1" Invert="0" ObjectType="dbi" BitNo="2" DeviceNo ="176" Device="PT_JELESNIA - kanal nr 1" Object="030" Report="5m3" RefReport="5m2" Value0="" Value1="" Value2="odłącznik_-_ZAMKNIĘTY" Value3="stan_nieustalony" Other="BUSZ(7m6)"/>
    <BI Index="99" Source="176c5m4" SrcType="ppm2" EventClass="class 1" Invert="0" ObjectType="dbi" BitNo="1" DeviceNo ="176" Device="PT_JELESNIA - kanal nr 1" Object="101" Report="5m4" RefReport="5m5" Value0="nieustalony" Value1="odłącznik_-_otwarty" Value2="" Value3="" Other="BUSZ(7m8)"/>
    <BI Index="100" Source="176c5m5" SrcType="ppm2" EventClass="class 1" Invert="0" ObjectType="dbi" BitNo="2" DeviceNo ="176" Device="PT_JELESNIA - kanal nr 1" Object="101" Report="5m5" RefReport="5m4" Value0="" Value1="" Value2="odłącznik_-_ZAMKNIĘTY" Value3="stan_nieustalony" Other="BUSZ(7m9)"/>
    <BI Index="101" Source="176c0m14" SrcType="ppm2" EventClass="class 1" Invert="0" ObjectType="bi" BitNo="1" DeviceNo ="176" Device="PT_JELESNIA - kanal nr 1" Object="Ua" Report="0m14" RefReport="" Value0="OK" Value1="Napięcie_liniowe_podwyższone_Ua" Value2="" Value3="" Other="BUSZ(7m15)"/>
    <BI Index="102" Source="42c6m8" SrcType="ppm2" EventClass="class 1" Invert="0" ObjectType="dbi" BitNo="1" DeviceNo ="42" Device="PT_JELESNIA - kanal nr 1" Object="KZ4" Report="6m8" RefReport="0m4" Value0="nieustalony" Value1="Wyłączony_KZ4" Value2="" Value3="" Other="BUSZ(17m1)"/>
    <BI Index="103" Source="42c6m9" SrcType="ppm2" EventClass="class 1" Invert="0" ObjectType="dbi" BitNo="2" DeviceNo ="42" Device="PT_JELESNIA - kanal nr 1" Object="KZ4" Report="6m9" RefReport="0m3" Value0="" Value1="" Value2="Załączony_KZ4" Value3="stan_nieustalony" Other="BUSZ(17m2)"/>
    <BI Index="104" Source="42c1m13" SrcType="ppm2" EventClass="class 1" Invert="0" ObjectType="bi" BitNo="1" DeviceNo ="42" Device="PT_JELESNIA - kanal nr 1" Object="UZ4" Report="1m13" RefReport="" Value0="Wyłącznik_KZ4_-_sterowany_ręcznie" Value1="Wyłącznik_KZ4_-_sterowany_automatycznie" Value2="" Value3="" Other="BUSZ(17m13)"/>
  </BINARY_INPUTS>
  <ANALOG_INPUTS>
    <AI Index="0" Source="36c193m0,9" SrcType="ppm2" EventClass="none" MultFactor="0.01" Offset="0" Unit="[kV]" Signed="0" DeviceNo="36" Device="PT_JELESNIA - kanal nr 1" Object="POM3" Report="193m0,9" Comment="napięcie_szyny_3kV" Other="BUSZ(193m1,10)" />
    <AI Index="1" Source="208c3m0,15" SrcType="ppm2" EventClass="none" MultFactor="0.00173" Offset="0" Unit="[kV]" Signed="0" DeviceNo="208" Device="PT_JELESNIA - kanal nr 1" Object="POM5" Report="3m0,15" Comment="Napiecie_linii_PKP1_faza_RS" Other="BUSZ(194m1,16)" />
    <AI Index="2" Source="208c4m0,15" SrcType="ppm2" EventClass="none" MultFactor="0.00173" Offset="0" Unit="[kV]" Signed="0" DeviceNo="208" Device="PT_JELESNIA - kanal nr 1" Object="POM6" Report="4m0,15" Comment="Napiecie_linii_PKP1_faza_ST" Other="BUSZ(195m1,16)" />
    <AI Index="3" Source="208c5m0,15" SrcType="ppm2" EventClass="none" MultFactor="0.00173" Offset="0" Unit="[kV]" Signed="0" DeviceNo="208" Device="PT_JELESNIA - kanal nr 1" Object="POM7" Report="5m0,15" Comment="Napiecie_linii_PKP1_faza_TR" Other="BUSZ(196m1,16)" />
    <AI Index="4" Source="209c3m0,15" SrcType="ppm2" EventClass="none" MultFactor="0.00173" Offset="0" Unit="[kV]" Signed="0" DeviceNo="209" Device="PT_JELESNIA - kanal nr 1" Object="POM8" Report="3m0,15" Comment="Napiecie_linii_PKP2_faza_RS" Other="BUSZ(197m1,16)" />
    <AI Index="5" Source="209c4m0,15" SrcType="ppm2" EventClass="none" MultFactor="0.00173" Offset="0" Unit="[kV]" Signed="0" DeviceNo="209" Device="PT_JELESNIA - kanal nr 1" Object="POM9" Report="4m0,15" Comment="Napiecie_linii_PKP2_faza_ST" Other="BUSZ(198m1,16)" />
    <AI Index="6" Source="209c5m0,15" SrcType="ppm2" EventClass="none" MultFactor="0.00173" Offset="0" Unit="[kV]" Signed="0" DeviceNo="209" Device="PT_JELESNIA - kanal nr 1" Object="POM10" Report="5m0,15" Comment="Napiecie_linii_PKP2_faza_TR" Other="BUSZ(199m1,16)" />
    <AI Index="7" Source="220c3m0,15" SrcType="ppm2" EventClass="none" MultFactor="1" Offset="0" Unit="[V]" Signed="0" DeviceNo="220" Device="PT_JELESNIA - kanal nr 1" Object="POM11" Report="3m0,15" Comment="napięcie_akumulatorów" Other="BUSZ(200m1,16)" />
  </ANALOG_INPUTS>
  <BINARY_OUTPUTS>
    <BO Index="0" Output="36c5p3" SrcType="ppm2" EventClass="none" DeviceNo="36" Device="PT_JELESNIA - kanal nr 1" Object="SP" Command="5p3" CmdType="on" Desc="Załaczenie_ochrony_podnapięciowej" Value0="" Value1="" Source="32c1m3" Report="1m3" Invert="0" Other="BUSZ(1P15)"/>
    <BO Index="1" Output="36c5p4" SrcType="ppm2" EventClass="none" DeviceNo="36" Device="PT_JELESNIA - kanal nr 1" Object="SP" Command="5p4" CmdType="off" Desc="Wyłaczenie_ochrony_podnapięciowej" Value0="" Value1="" Source="32c1m3" Report="1m3" Invert="0" Other="BUSZ(1P16)"/>
    <BO Index="2" Output="214c1p1" SrcType="ppm2" EventClass="none" DeviceNo="214" Device="PT_JELESNIA - kanal nr 1" Object="WW1" Command="1p1" CmdType="on" Desc="WW_potrzeb_własnych_1_ZAŁ." Value0="" Value1="" Source="172c1m5" Report="1m5" Invert="0" Other="BUSZ(2P1)"/>
    <BO Index="3" Output="214c1p2" SrcType="ppm2" EventClass="none" DeviceNo="214" Device="PT_JELESNIA - kanal nr 1" Object="WW1" Command="1p2" CmdType="off" Desc="WW_potrzeb_własnych_1_WYŁ." Value0="" Value1="" Source="172c1m5" Report="1m5" Invert="0" Other="BUSZ(2P2)"/>
    <BO Index="4" Output="214c1p3" SrcType="ppm2" EventClass="none" DeviceNo="214" Device="PT_JELESNIA - kanal nr 1" Object="WW2" Command="1p3" CmdType="on" Desc="WW_potrzeb_własnych_2_ZAŁ." Value0="" Value1="" Source="172c1m7" Report="1m7" Invert="0" Other="BUSZ(2P3)"/>
    <BO Index="5" Output="214c1p4" SrcType="ppm2" EventClass="none" DeviceNo="214" Device="PT_JELESNIA - kanal nr 1" Object="WW2" Command="1p4" CmdType="off" Desc="WW_potrzeb_własnych_2_WYŁ." Value0="" Value1="" Source="172c1m7" Report="1m7" Invert="0" Other="BUSZ(2P4)"/>
    <BO Index="6" Output="96c1p1" SrcType="ppm2" EventClass="none" DeviceNo="96" Device="PT_JELESNIA - kanal nr 1" Object="PZ1" Command="1p1" CmdType="on" Desc="WS_Zarzecze_1_ZAŁĄczony" Value0="" Value1="" Source="96c0m0" Report="0m0" Invert="0" Other="BUSZ(2P7)"/>
    <BO Index="7" Output="96c1p2" SrcType="ppm2" EventClass="none" DeviceNo="96" Device="PT_JELESNIA - kanal nr 1" Object="PZ1" Command="1p2" CmdType="off" Desc="WS_Zarzecze_1_WYŁĄczony" Value0="" Value1="" Source="96c0m0" Report="0m0" Invert="0" Other="BUSZ(2P8)"/>
    <BO Index="8" Output="97c1p1" SrcType="ppm2" EventClass="none" DeviceNo="97" Device="PT_JELESNIA - kanal nr 1" Object="PZ2" Command="1p1" CmdType="on" Desc="WS_Dańdówka_ZAŁĄczony" Value0="" Value1="" Source="97c0m0" Report="0m0" Invert="0" Other="BUSZ(2P9)"/>
    <BO Index="9" Output="97c1p2" SrcType="ppm2" EventClass="none" DeviceNo="97" Device="PT_JELESNIA - kanal nr 1" Object="PZ2" Command="1p2" CmdType="off" Desc="WS_Dańdówka_WYŁĄczony" Value0="" Value1="" Source="97c0m0" Report="0m0" Invert="0" Other="BUSZ(2P10)"/>
    <BO Index="10" Output="125c1p1" SrcType="ppm2" EventClass="none" DeviceNo="125" Device="PT_JELESNIA - kanal nr 1" Object="SR" Command="1p1" CmdType="on" Desc="PT_WS_zapasowy_-_ZAŁĄczony" Value0="" Value1="" Source="125c0m0" Report="0m0" Invert="0" Other="BUSZ(2P5)"/>
    <BO Index="11" Output="125c1p2" SrcType="ppm2" EventClass="none" DeviceNo="125" Device="PT_JELESNIA - kanal nr 1" Object="SR" Command="1p2" CmdType="off" Desc="PT_WS_zapasowy_-_WYŁĄczony" Value0="" Value1="" Source="125c0m0" Report="0m0" Invert="0" Other="BUSZ(2P6)"/>
    <BO Index="12" Output="176c1p3" SrcType="ppm2" EventClass="none" DeviceNo="176" Device="PT_JELESNIA - kanal nr 1" Object="010" Command="1p3" CmdType="on" Desc="odłącznik_-_ZAMKNIĘTY" Value0="" Value1="" Source="176c5m0" Report="5m0" Invert="0" Other="BUSZ(4P3)"/>
    <BO Index="13" Output="176c1p4" SrcType="ppm2" EventClass="none" DeviceNo="176" Device="PT_JELESNIA - kanal nr 1" Object="010" Command="1p4" CmdType="off" Desc="odłącznik_-_otwarty" Value0="" Value1="" Source="176c5m0" Report="5m0" Invert="0" Other="BUSZ(4P4)"/>
    <BO Index="14" Output="176c1p5" SrcType="ppm2" EventClass="none" DeviceNo="176" Device="PT_JELESNIA - kanal nr 1" Object="030" Command="1p5" CmdType="on" Desc="odłącznik_-_ZAMKNIĘTY" Value0="" Value1="" Source="176c5m2" Report="5m2" Invert="0" Other="BUSZ(4P5)"/>
    <BO Index="15" Output="176c1p6" SrcType="ppm2" EventClass="none" DeviceNo="176" Device="PT_JELESNIA - kanal nr 1" Object="030" Command="1p6" CmdType="off" Desc="odłącznik_-_otwarty" Value0="" Value1="" Source="176c5m2" Report="5m2" Invert="0" Other="BUSZ(4P6)"/>
    <BO Index="16" Output="176c1p7" SrcType="ppm2" EventClass="none" DeviceNo="176" Device="PT_JELESNIA - kanal nr 1" Object="101" Command="1p7" CmdType="on" Desc="odłącznik_-_ZAMKNIĘTY" Value0="" Value1="" Source="176c5m4" Report="5m4" Invert="0" Other="BUSZ(4P7)"/>
    <BO Index="17" Output="176c1p8" SrcType="ppm2" EventClass="none" DeviceNo="176" Device="PT_JELESNIA - kanal nr 1" Object="101" Command="1p8" CmdType="off" Desc="odłącznik_-_otwarty" Value0="" Value1="" Source="176c5m4" Report="5m4" Invert="0" Other="BUSZ(4P8)"/>
    <BO Index="18" Output="176c1p15" SrcType="ppm2" EventClass="none" DeviceNo="176" Device="PT_JELESNIA - kanal nr 1" Object="Ua" Command="1p15" CmdType="on" Desc="Podwyzszone_napiecie_liniowe_Zalaczone" Value0="" Value1="" Source="176c0m14" Report="0m14" Invert="0" Other="BUSZ(4P15)"/>
    <BO Index="19" Output="176c1p16" SrcType="ppm2" EventClass="none" DeviceNo="176" Device="PT_JELESNIA - kanal nr 1" Object="Ua" Command="1p16" CmdType="on" Desc="Podwyzszone_napiecie_liniowe_wylaczone" Value0="" Value1="" Source="176c0m14" Report="0m14" Invert="0" Other="BUSZ(4P16)"/>
    <BO Index="20" Output="160c1p1" SrcType="ppm2" EventClass="none" DeviceNo="160" Device="PT_JELESNIA - kanal nr 1" Object="WZ1" Command="1p1" CmdType="on" Desc="WZ_zespołu_prost.1_-_ZAŁ." Value0="" Value1="" Source="160c6m8" Report="6m8" Invert="0" Other="BUSZ(1P11)"/>
    <BO Index="21" Output="160c1p2" SrcType="ppm2" EventClass="none" DeviceNo="160" Device="PT_JELESNIA - kanal nr 1" Object="WZ1" Command="1p2" CmdType="off" Desc="WZ_zespołu_prost.1_-_WYŁ." Value0="" Value1="" Source="160c6m8" Report="6m8" Invert="0" Other="BUSZ(1P12)"/>
    <BO Index="22" Output="161c1p1" SrcType="ppm2" EventClass="none" DeviceNo="161" Device="PT_JELESNIA - kanal nr 1" Object="WZ2" Command="1p1" CmdType="on" Desc="WZ_zespołu_prost.2_-_ZAŁ." Value0="" Value1="" Source="161c6m8" Report="6m8" Invert="0" Other="BUSZ(1P13)"/>
    <BO Index="23" Output="161c1p2" SrcType="ppm2" EventClass="none" DeviceNo="161" Device="PT_JELESNIA - kanal nr 1" Object="WZ2" Command="1p2" CmdType="off" Desc="WZ_zespołu_prost.2_-_WYŁ." Value0="" Value1="" Source="161c6m8" Report="6m8" Invert="0" Other="BUSZ(1P14)"/>
    <BO Index="24" Output="208c1p1" SrcType="ppm2" EventClass="none" DeviceNo="208" Device="PT_JELESNIA - kanal nr 1" Object="WL1" Command="1p1" CmdType="on" Desc="WL_linii_zasil.1_ZAŁĄczony" Value0="" Value1="" Source="208c6m8" Report="6m8" Invert="0" Other="BUSZ(1P3)"/>
    <BO Index="25" Output="208c1p2" SrcType="ppm2" EventClass="none" DeviceNo="208" Device="PT_JELESNIA - kanal nr 1" Object="WL1" Command="1p2" CmdType="off" Desc="WL_linii_zasil.1_WYŁĄczony" Value0="" Value1="" Source="208c6m8" Report="6m8" Invert="0" Other="BUSZ(1P4)"/>
    <BO Index="26" Output="209c1p1" SrcType="ppm2" EventClass="none" DeviceNo="209" Device="PT_JELESNIA - kanal nr 1" Object="WL2" Command="1p1" CmdType="on" Desc="WL_linii_zasil.2_ZAŁĄczony" Value0="" Value1="" Source="209c6m8" Report="6m8" Invert="0" Other="BUSZ(1P5)"/>
    <BO Index="27" Output="209c1p2" SrcType="ppm2" EventClass="none" DeviceNo="209" Device="PT_JELESNIA - kanal nr 1" Object="WL2" Command="1p2" CmdType="off" Desc="WL_linii_zasil.2_WYŁĄczony" Value0="" Value1="" Source="209c6m8" Report="6m8" Invert="0" Other="BUSZ(1P6)"/>
    <BO Index="28" Output="200c1p1" SrcType="ppm2" EventClass="none" DeviceNo="200" Device="PT_JELESNIA - kanal nr 1" Object="WN1" Command="1p1" CmdType="on" Desc="WN_potrzeb_nietrakc.1_ZAŁ." Value0="" Value1="" Source="200c6m8" Report="6m8" Invert="0" Other="BUSZ(1P7)"/>
    <BO Index="29" Output="200c1p2" SrcType="ppm2" EventClass="none" DeviceNo="200" Device="PT_JELESNIA - kanal nr 1" Object="WN1" Command="1p2" CmdType="off" Desc="WN_potrzeb_nietrakc.1_WYŁ." Value0="" Value1="" Source="200c6m8" Report="6m8" Invert="0" Other="BUSZ(1P8)"/>
    <BO Index="30" Output="201c1p1" SrcType="ppm2" EventClass="none" DeviceNo="201" Device="PT_JELESNIA - kanal nr 1" Object="WN2" Command="1p1" CmdType="on" Desc="WN_potrzeb_nietrakc.2_ZAŁ." Value0="" Value1="" Source="201c6m8" Report="6m8" Invert="0" Other="BUSZ(1P9)"/>
    <BO Index="31" Output="201c1p2" SrcType="ppm2" EventClass="none" DeviceNo="201" Device="PT_JELESNIA - kanal nr 1" Object="WN2" Command="1p2" CmdType="off" Desc="WN_potrzeb_nietrakc.2_WYŁ." Value0="" Value1="" Source="201c6m8" Report="6m8" Invert="0" Other="BUSZ(1P10)"/>
    <BO Index="36" Output="213c1p1" SrcType="ppm2" EventClass="none" DeviceNo="213" Device="PT_JELESNIA - kanal nr 1" Object="PAW" Command="1p1" CmdType="off" Desc="Awaryjne_wyłączenie_podstacji" Value0="" Value1="" Source="" Report="" Invert="0" Other="BUSZ(1P3)"/>
  </BINARY_OUTPUTS>
  </DNP3>
 </OUTSTATION>
<OUTSTATION Id="sdnp(2)" Name="PT_JELESNIA -  kanal nr 2">
  <DNP3 OutstationAddress="1" MasterAddress="2">
  <COMMUNICATION MasterIpAddress="0.0.0.0" MasterIpPort="20001" Protocol="tcp"/>
  <BINARY_INPUTS>
    <BI Index="0" Source="172c0m15" SrcType="ppm2" EventClass="class 1" Invert="0" ObjectType="bi" BitNo="1" DeviceNo ="172" Device="PT_JELESNIA -  kanal nr 2" Object="PP" Report="0m15" RefReport="" Value0="Alarm_pożarowy_-_OK" Value1="A_L_A_R_M__P_O_?_A_R_!" Value2="" Value3="" Other="BUSZ(1m1)"/>
    <BI Index="1" Source="172c0m14" SrcType="ppm2" EventClass="class 1" Invert="0" ObjectType="bi" BitNo="1" DeviceNo ="172" Device="PT_JELESNIA -  kanal nr 2" Object="PPU" Report="0m14" RefReport="" Value0="System_P-POŻ_-_OK" Value1="Awaria_systemu_P-POŻ" Value2="" Value3="" Other="BUSZ(1m2)"/>
    <BI Index="2" Source="172c0m13" SrcType="ppm2" EventClass="class 1" Invert="0" ObjectType="bi" BitNo="1" DeviceNo ="172" Device="PT_JELESNIA -  kanal nr 2" Object="PW" Report="0m13" RefReport="" Value0="Alarm_włamaniowy_-_OK" Value1="A_L_A_R_M__W_Ł_A_M_A_N_I_E_!" Value2="" Value3="" Other="BUSZ(1m3)"/>
    <BI Index="3" Source="172c1m6" SrcType="ppm2" EventClass="class 1" Invert="0" ObjectType="bi" BitNo="1" DeviceNo ="172" Device="PT_JELESNIA -  kanal nr 2" Object="PWL" Report="1m6" RefReport="" Value0="Podstacja_bez_obsługi" Value1="Wejłcie_legalne_na_podstację" Value2="" Value3="" Other="BUSZ(1m4)"/>
    <BI Index="4" Source="212c0m0" SrcType="ppm2" EventClass="class 1" Invert="0" ObjectType="bi" BitNo="1" DeviceNo ="212" Device="PT_JELESNIA -  kanal nr 2" Object="PZ" Report="0m0" RefReport="" Value0="*" Value1="obsługa_zdalna_podstacji" Value2="" Value3="" Other="BUSZ(1m5)"/>
    <BI Index="5" Source="212c0m1" SrcType="ppm2" EventClass="class 1" Invert="0" ObjectType="bi" BitNo="1" DeviceNo ="212" Device="PT_JELESNIA -  kanal nr 2" Object="PL" Report="0m1" RefReport="" Value0="*" Value1="obsługa_lokalna_podstacji" Value2="" Value3="" Other="BUSZ(1m6)"/>
    <BI Index="6" Source="32c1m0" SrcType="ppm2" EventClass="class 1" Invert="0" ObjectType="bi" BitNo="1" DeviceNo ="32" Device="PT_JELESNIA -  kanal nr 2" Object="PCL: uwsp. 1" Report="1m0" RefReport="" Value0="OK" Value1="Sygnalizacja_pracy_remontowej_ochrony_podnapiąciowej" Value2="" Value3="" Other="BUSZ(1m7)"/>
    <BI Index="7" Source="96c0m5" SrcType="ppm2" EventClass="class 1" Invert="0" ObjectType="bi" BitNo="1" DeviceNo ="96" Device="PT_JELESNIA -  kanal nr 2" Object="PCL: uwsp. 2" Report="0m5" RefReport="" Value0="OK" Value1="Sygnalizacja_pracy_remontowej_SL1" Value2="" Value3="" Other="BUSZ(1m7)"/>
    <BI Index="8" Source="97c0m5" SrcType="ppm2" EventClass="class 1" Invert="0" ObjectType="bi" BitNo="1" DeviceNo ="97" Device="PT_JELESNIA -  kanal nr 2" Object="PCL: uwsp. 3" Report="0m5" RefReport="" Value0="OK" Value1="Sygnalizacja_pracy_remontowej_SL2" Value2="" Value3="" Other="BUSZ(1m7)"/>
    <BI Index="9" Source="124c0m5" SrcType="ppm2" EventClass="class 1" Invert="0" ObjectType="bi" BitNo="1" DeviceNo ="124" Device="PT_JELESNIA -  kanal nr 2" Object="PCL: uwsp. 4" Report="0m5" RefReport="" Value0="OK" Value1="Sygnalizacja_pracy_remontowej_SR" Value2="" Value3="" Other="BUSZ(1m7)"/>
    <BI Index="10" Source="160c8m0" SrcType="ppm2" EventClass="class 1" Invert="0" ObjectType="bi" BitNo="1" DeviceNo ="160" Device="PT_JELESNIA -  kanal nr 2" Object="PCL: uwsp. 5" Report="8m0" RefReport="" Value0="OK" Value1="Sygnalizacja_pracy_remontowej_WZ1" Value2="" Value3="" Other="BUSZ(1m7)"/>
    <BI Index="11" Source="161c8m0" SrcType="ppm2" EventClass="class 1" Invert="0" ObjectType="bi" BitNo="1" DeviceNo ="161" Device="PT_JELESNIA -  kanal nr 2" Object="PCL: uwsp. 6" Report="8m0" RefReport="" Value0="OK" Value1="Sygnalizacja_pracy_remontowej_WZ2" Value2="" Value3="" Other="BUSZ(1m7)"/>
    <BI Index="12" Source="200c8m0" SrcType="ppm2" EventClass="class 1" Invert="0" ObjectType="bi" BitNo="1" DeviceNo ="200" Device="PT_JELESNIA -  kanal nr 2" Object="PCL: uwsp. 7" Report="8m0" RefReport="" Value0="OK" Value1="Sygnalizacja_pracy_remontowej_WN1" Value2="" Value3="" Other="BUSZ(1m7)"/>
    <BI Index="13" Source="201c8m0" SrcType="ppm2" EventClass="class 1" Invert="0" ObjectType="bi" BitNo="1" DeviceNo ="201" Device="PT_JELESNIA -  kanal nr 2" Object="PCL: uwsp. 7" Report="8m0" RefReport="" Value0="OK" Value1="Sygnalizacja_pracy_remontowej_WN2" Value2="" Value3="" Other="BUSZ(1m7)"/>
    <BI Index="14" Source="208c8m0" SrcType="ppm2" EventClass="class 1" Invert="0" ObjectType="bi" BitNo="1" DeviceNo ="208" Device="PT_JELESNIA -  kanal nr 2" Object="PCL: uwsp. 7" Report="8m0" RefReport="" Value0="OK" Value1="Sygnalizacja_pracy_remontowej_WL1" Value2="" Value3="" Other="BUSZ(1m7)"/>
    <BI Index="15" Source="209c8m0" SrcType="ppm2" EventClass="class 1" Invert="0" ObjectType="bi" BitNo="1" DeviceNo ="209" Device="PT_JELESNIA -  kanal nr 2" Object="PCL: uwsp. 7" Report="8m0" RefReport="" Value0="OK" Value1="Sygnalizacja_pracy_remontowej_WL2" Value2="" Value3="" Other="BUSZ(1m7)"/>
    <BI Index="16" Source="32c1m9" SrcType="ppm2" EventClass="class 1" Invert="0" ObjectType="bi" BitNo="1" DeviceNo ="32" Device="PT_JELESNIA -  kanal nr 2" Object="PU1" Report="1m9" RefReport="" Value0="Doziemienie_szyny_-_OK" Value1="Doziemienie_szyny_minusowej" Value2="" Value3="" Other="BUSZ(1m8)"/>
    <BI Index="17" Source="32c1m8" SrcType="ppm2" EventClass="class 1" Invert="0" ObjectType="bi" BitNo="1" DeviceNo ="32" Device="PT_JELESNIA -  kanal nr 2" Object="PU2" Report="1m8" RefReport="" Value0="OK" Value1="zadziałanie_TUZZ" Value2="" Value3="" Other="BUSZ(1m9)"/>
    <BI Index="18" Source="36c1m5" SrcType="ppm2" EventClass="class 1" Invert="0" ObjectType="bi" BitNo="1" DeviceNo ="36" Device="PT_JELESNIA -  kanal nr 2" Object="PU3" Report="1m5" RefReport="" Value0="OK" Value1="zadziałanie_NAP-TRAK" Value2="" Value3="" Other="BUSZ(1m10)"/>
    <BI Index="19" Source="36c1m4" SrcType="ppm2" EventClass="class 1" Invert="0" ObjectType="bi" BitNo="1" DeviceNo ="36" Device="PT_JELESNIA -  kanal nr 2" Object="PU4" Report="1m4" RefReport="" Value0="OK" Value1="Brak_gotowo?ci_NAP-TRAK" Value2="" Value3="" Other="BUSZ(1m11)"/>
    <BI Index="20" Source="32c1m1" SrcType="ppm2" EventClass="class 1" Invert="0" ObjectType="bi" BitNo="1" DeviceNo ="32" Device="PT_JELESNIA -  kanal nr 2" Object="PU11: uwsp. 1" Report="1m1" RefReport="" Value0="OK" Value1="Sygnalizacja_zaniku_nap.pom.(+/-)U1_lub(+/-)U2_w_szafce_OP" Value2="" Value3="" Other="BUSZ(1m12)"/>
    <BI Index="21" Source="96c1m15" SrcType="ppm2" EventClass="class 1" Invert="0" ObjectType="bi" BitNo="1" DeviceNo ="96" Device="PT_JELESNIA -  kanal nr 2" Object="PU11: uwsp. 2" Report="1m15" RefReport="" Value0="OK" Value1="Sygnalizacja_zaniku_nap.pom.(+/-)U_zasilacza_SL1" Value2="" Value3="" Other="BUSZ(1m12)"/>
    <BI Index="22" Source="96c1m7" SrcType="ppm2" EventClass="class 1" Invert="0" ObjectType="bi" BitNo="1" DeviceNo ="96" Device="PT_JELESNIA -  kanal nr 2" Object="PU11: uwsp. 3" Report="1m7" RefReport="" Value0="OK" Value1="Sygnalizacja_zaniku_nap.pom.(+/-)N_zasilacza_SL1" Value2="" Value3="" Other="BUSZ(1m12)"/>
    <BI Index="23" Source="97c1m15" SrcType="ppm2" EventClass="class 1" Invert="0" ObjectType="bi" BitNo="1" DeviceNo ="97" Device="PT_JELESNIA -  kanal nr 2" Object="PU11: uwsp. 4" Report="1m15" RefReport="" Value0="OK" Value1="Sygnalizacja_zaniku_nap.pom.(+/-)U_zasilacza_SL2" Value2="" Value3="" Other="BUSZ(1m12)"/>
    <BI Index="24" Source="97c1m7" SrcType="ppm2" EventClass="class 1" Invert="0" ObjectType="bi" BitNo="1" DeviceNo ="97" Device="PT_JELESNIA -  kanal nr 2" Object="PU11: uwsp. 5" Report="1m7" RefReport="" Value0="OK" Value1="Sygnalizacja_zaniku_nap.pom.(+/-)N_zasilacza_SL2" Value2="" Value3="" Other="BUSZ(1m12)"/>
    <BI Index="25" Source="125c1m15" SrcType="ppm2" EventClass="class 1" Invert="0" ObjectType="bi" BitNo="1" DeviceNo ="125" Device="PT_JELESNIA -  kanal nr 2" Object="PU11: uwsp. 6" Report="1m15" RefReport="" Value0="OK" Value1="Sygnalizacja_zaniku_nap.pom.(+/-)U_zasilacza_SR" Value2="" Value3="" Other="BUSZ(1m12)"/>
    <BI Index="26" Source="125c1m7" SrcType="ppm2" EventClass="class 1" Invert="0" ObjectType="bi" BitNo="1" DeviceNo ="125" Device="PT_JELESNIA -  kanal nr 2" Object="PU11: uwsp. 7" Report="1m7" RefReport="" Value0="OK" Value1="Sygnalizacja_zaniku_nap.pom.(+/-)N_zasilacza_SR" Value2="" Value3="" Other="BUSZ(1m12)"/>
    <BI Index="27" Source="160c8m6" SrcType="ppm2" EventClass="class 1" Invert="0" ObjectType="bi" BitNo="1" DeviceNo ="160" Device="PT_JELESNIA -  kanal nr 2" Object="PU15" Report="8m6" RefReport="" Value0="OK" Value1="Sygnalizacja_zaniku_nap.pom.(+/-U)_zasilacza_WZ1" Value2="" Value3="" Other="BUSZ(1m13)"/>
    <BI Index="28" Source="160c8m5" SrcType="ppm2" EventClass="class 1" Invert="0" ObjectType="bi" BitNo="1" DeviceNo ="160" Device="PT_JELESNIA -  kanal nr 2" Object="PU12: uwsp. 1" Report="8m5" RefReport="" Value0="OK" Value1="Sygnalizacja_zaniku_nap.pom.(+/-N)_zasilacza_WZ1" Value2="" Value3="" Other="BUSZ(1m13)"/>
    <BI Index="29" Source="161c8m6" SrcType="ppm2" EventClass="class 1" Invert="0" ObjectType="bi" BitNo="1" DeviceNo ="161" Device="PT_JELESNIA -  kanal nr 2" Object="PU12: uwsp. 2" Report="8m6" RefReport="" Value0="OK" Value1="Sygnalizacja_zaniku_nap.pom.(+/-U)_zasilacza_WZ2" Value2="" Value3="" Other="BUSZ(1m13)"/>
    <BI Index="30" Source="161c8m5" SrcType="ppm2" EventClass="class 1" Invert="0" ObjectType="bi" BitNo="1" DeviceNo ="161" Device="PT_JELESNIA -  kanal nr 2" Object="PU12: uwsp. 3" Report="8m5" RefReport="" Value0="OK" Value1="Sygnalizacja_zaniku_nap.pom.(+/-N)_zasilacza_WZ2" Value2="" Value3="" Other="BUSZ(1m13)"/>
    <BI Index="31" Source="200c8m6" SrcType="ppm2" EventClass="class 1" Invert="0" ObjectType="bi" BitNo="1" DeviceNo ="200" Device="PT_JELESNIA -  kanal nr 2" Object="PU12: uwsp. 4" Report="8m6" RefReport="" Value0="OK" Value1="Sygnalizacja_zaniku_nap.pom.(+/-U)_zasilacza_WN1" Value2="" Value3="" Other="BUSZ(1m13)"/>
    <BI Index="32" Source="200c8m5" SrcType="ppm2" EventClass="class 1" Invert="0" ObjectType="bi" BitNo="1" DeviceNo ="200" Device="PT_JELESNIA -  kanal nr 2" Object="PU12: uwsp. 5" Report="8m5" RefReport="" Value0="OK" Value1="Sygnalizacja_zaniku_nap.pom.(+/-N)_zasilacza_WN1" Value2="" Value3="" Other="BUSZ(1m13)"/>
    <BI Index="33" Source="201c8m6" SrcType="ppm2" EventClass="class 1" Invert="0" ObjectType="bi" BitNo="1" DeviceNo ="201" Device="PT_JELESNIA -  kanal nr 2" Object="PU12: uwsp. 6" Report="8m6" RefReport="" Value0="OK" Value1="Sygnalizacja_zaniku_nap.pom.(+/-U)_zasilacza_WN2" Value2="" Value3="" Other="BUSZ(1m13)"/>
    <BI Index="34" Source="201c8m5" SrcType="ppm2" EventClass="class 1" Invert="0" ObjectType="bi" BitNo="1" DeviceNo ="201" Device="PT_JELESNIA -  kanal nr 2" Object="PU12: uwsp. 7" Report="8m5" RefReport="" Value0="OK" Value1="Sygnalizacja_zaniku_nap.pom.(+/-N)_zasilacza_WN2" Value2="" Value3="" Other="BUSZ(1m13)"/>
    <BI Index="35" Source="208c8m6" SrcType="ppm2" EventClass="class 1" Invert="0" ObjectType="bi" BitNo="1" DeviceNo ="208" Device="PT_JELESNIA -  kanal nr 2" Object="PU12: uwsp. 8" Report="8m6" RefReport="" Value0="OK" Value1="Sygnalizacja_zaniku_nap.pom.(+/-U)_zasilacza_WL1" Value2="" Value3="" Other="BUSZ(1m13)"/>
    <BI Index="36" Source="208c8m5" SrcType="ppm2" EventClass="class 1" Invert="0" ObjectType="bi" BitNo="1" DeviceNo ="208" Device="PT_JELESNIA -  kanal nr 2" Object="PU12: uwsp. 9" Report="8m5" RefReport="" Value0="OK" Value1="Sygnalizacja_zaniku_nap.pom.(+/-N)_zasilacza_WL1" Value2="" Value3="" Other="BUSZ(1m13)"/>
    <BI Index="37" Source="209c8m6" SrcType="ppm2" EventClass="class 1" Invert="0" ObjectType="bi" BitNo="1" DeviceNo ="209" Device="PT_JELESNIA -  kanal nr 2" Object="PU12: uwsp. 10" Report="8m6" RefReport="" Value0="OK" Value1="Sygnalizacja_zaniku_nap.pom.(+/-U)_zasilacza_WL2" Value2="" Value3="" Other="BUSZ(1m13)"/>
    <BI Index="38" Source="209c8m5" SrcType="ppm2" EventClass="class 1" Invert="0" ObjectType="bi" BitNo="1" DeviceNo ="209" Device="PT_JELESNIA -  kanal nr 2" Object="PU12: uwsp. 11" Report="8m5" RefReport="" Value0="OK" Value1="Sygnalizacja_zaniku_nap.pom.(+/-N)_zasilacza_WL2" Value2="" Value3="" Other="BUSZ(1m13)"/>
    <BI Index="39" Source="172c7m1" SrcType="ppm2" EventClass="class 1" Invert="0" ObjectType="bi" BitNo="1" DeviceNo ="172" Device="PT_JELESNIA -  kanal nr 2" Object="PU13" Report="7m1" RefReport="" Value0="OK" Value1="Sygnalizacja_zaniku_napięć_pomocniczych_automatyki_SZR" Value2="" Value3="" Other="BUSZ(1m14)"/>
    <BI Index="40" Source="172c5m0" SrcType="ppm2" EventClass="class 1" Invert="0" ObjectType="bi" BitNo="1" DeviceNo ="172" Device="PT_JELESNIA -  kanal nr 2" Object="PU14" Report="5m0" RefReport="" Value0="napięcie_380/220V_-_OK" Value1="Napięcie_380/220V_-_ZANIK_napięć_pomocniczych_fazy_L1" Value2="" Value3="" Other="BUSZ(1m15)"/>
    <BI Index="41" Source="172c5m1" SrcType="ppm2" EventClass="class 1" Invert="0" ObjectType="bi" BitNo="1" DeviceNo ="172" Device="PT_JELESNIA -  kanal nr 2" Object="PU14" Report="5m1" RefReport="" Value0="napięcie_380/220V_-_OK" Value1="Napięcie_380/220V_-_ZANIK_napięć_pomocniczych_fazy_L2" Value2="" Value3="" Other="BUSZ(1m15)"/>
    <BI Index="42" Source="172c5m2" SrcType="ppm2" EventClass="class 1" Invert="0" ObjectType="bi" BitNo="1" DeviceNo ="172" Device="PT_JELESNIA -  kanal nr 2" Object="PU14" Report="5m2" RefReport="" Value0="napięcie_380/220V_-_OK" Value1="Napięcie_380/220V_-_ZANIK_napięć_pomocniczych_fazy_L3" Value2="" Value3="" Other="BUSZ(1m15)"/>
    <BI Index="43" Source="32c1m0" SrcType="ppm2" EventClass="class 1" Invert="0" ObjectType="bi" BitNo="1" DeviceNo ="32" Device="PT_JELESNIA -  kanal nr 2" Object="PU16" Report="1m0" RefReport="" Value0="OK" Value1="Sygnalizacja_braku_napięć_zasilania_urządzenia_EZZ" Value2="" Value3="" Other="BUSZ(1m16)"/>
    <BI Index="44" Source="160c7m2" SrcType="ppm2" EventClass="class 1" Invert="0" ObjectType="bi" BitNo="1" DeviceNo ="160" Device="PT_JELESNIA -  kanal nr 2" Object="PU21A: uwsp. 1" Report="7m2" RefReport="" Value0="OK" Value1="Zadziałanie_zabezpieczenia_technologicznego_I_stopien" Value2="" Value3="" Other="BUSZ(2m1)"/>
    <BI Index="45" Source="160c7m4" SrcType="ppm2" EventClass="class 1" Invert="0" ObjectType="bi" BitNo="1" DeviceNo ="160" Device="PT_JELESNIA -  kanal nr 2" Object="PU21A: uwsp. 2" Report="7m4" RefReport="" Value0="OK" Value1="Zadziałanie_zabezpieczenia_gazowo-przeplywowego_I_stopien" Value2="" Value3="" Other="BUSZ(2m1)"/>
    <BI Index="46" Source="160c8m6" SrcType="ppm2" EventClass="class 1" Invert="0" ObjectType="bi" BitNo="1" DeviceNo ="160" Device="PT_JELESNIA -  kanal nr 2" Object="PU21A: uwsp. 3" Report="8m6" RefReport="" Value0="OK" Value1="Sygnalizacja_zaniku(+/-)U" Value2="" Value3="" Other="BUSZ(2m1)"/>
    <BI Index="47" Source="160c8m7" SrcType="ppm2" EventClass="class 1" Invert="0" ObjectType="bi" BitNo="1" DeviceNo ="160" Device="PT_JELESNIA -  kanal nr 2" Object="PU21A: uwsp. 4" Report="8m7" RefReport="" Value0="OK" Value1="Sygnalizacja_zaniku(+/-)N" Value2="" Value3="" Other="BUSZ(2m1)"/>
    <BI Index="48" Source="160c7m3" SrcType="ppm2" EventClass="class 1" Invert="0" ObjectType="bi" BitNo="1" DeviceNo ="160" Device="PT_JELESNIA -  kanal nr 2" Object="PU21B: uwsp. 1" Report="7m3" RefReport="" Value0="OK" Value1="Zadziałanie_zabezpieczenia_technologicznego_II_stopien" Value2="" Value3="" Other="BUSZ(2m2)"/>
    <BI Index="49" Source="160c7m5" SrcType="ppm2" EventClass="class 1" Invert="0" ObjectType="bi" BitNo="1" DeviceNo ="160" Device="PT_JELESNIA -  kanal nr 2" Object="PU21B: uwsp. 2" Report="7m5" RefReport="" Value0="OK" Value1="Zadziałanie_zabezpieczenia_gazowo-przepływowego_II_stopien" Value2="" Value3="" Other="BUSZ(2m2)"/>
    <BI Index="50" Source="160c6m1" SrcType="ppm2" EventClass="class 1" Invert="0" ObjectType="bi" BitNo="1" DeviceNo ="160" Device="PT_JELESNIA -  kanal nr 2" Object="PU21C: uwsp. 1" Report="6m1" RefReport="" Value0="OK" Value1="Zadziałanie_zabezpieczenia_technologicznego_I_stopien" Value2="" Value3="" Other="BUSZ(2m3)"/>
    <BI Index="51" Source="160c6m2" SrcType="ppm2" EventClass="class 1" Invert="0" ObjectType="bi" BitNo="1" DeviceNo ="160" Device="PT_JELESNIA -  kanal nr 2" Object="PU21C: uwsp. 2" Report="6m2" RefReport="" Value0="OK" Value1="Zadziałanie_zabezpieczenia_gazowo-przepływowego_II_stopien" Value2="" Value3="" Other="BUSZ(2m3)"/>
    <BI Index="52" Source="160c6m3" SrcType="ppm2" EventClass="class 1" Invert="0" ObjectType="bi" BitNo="1" DeviceNo ="160" Device="PT_JELESNIA -  kanal nr 2" Object="PU21C: uwsp. 3" Report="6m3" RefReport="" Value0="OK" Value1="Zadziałania_zabezpieczenia_przeciążeniowego_zależnego" Value2="" Value3="" Other="BUSZ(2m3)"/>
    <BI Index="53" Source="161c7m2" SrcType="ppm2" EventClass="class 1" Invert="0" ObjectType="bi" BitNo="1" DeviceNo ="161" Device="PT_JELESNIA -  kanal nr 2" Object="PU22A: uwsp. 1" Report="7m2" RefReport="" Value0="OK" Value1="Zadziałanie_zabezpieczenia_technologicznego_I_stopien" Value2="" Value3="" Other="BUSZ(2m4)"/>
    <BI Index="54" Source="161c7m4" SrcType="ppm2" EventClass="class 1" Invert="0" ObjectType="bi" BitNo="1" DeviceNo ="161" Device="PT_JELESNIA -  kanal nr 2" Object="PU22A: uwsp. 2" Report="7m4" RefReport="" Value0="OK" Value1="Zadziałanie_zabezpieczenia_gazowo-przepływowego_I_stopien" Value2="" Value3="" Other="BUSZ(2m4)"/>
    <BI Index="55" Source="161c8m6" SrcType="ppm2" EventClass="class 1" Invert="0" ObjectType="bi" BitNo="1" DeviceNo ="161" Device="PT_JELESNIA -  kanal nr 2" Object="PU22A: uwsp. 3" Report="8m6" RefReport="" Value0="OK" Value1="Sygnalizacja_zaniku(+/-)U" Value2="" Value3="" Other="BUSZ(2m4)"/>
    <BI Index="56" Source="161c8m7" SrcType="ppm2" EventClass="class 1" Invert="0" ObjectType="bi" BitNo="1" DeviceNo ="161" Device="PT_JELESNIA -  kanal nr 2" Object="PU22A: uwsp. 4" Report="8m7" RefReport="" Value0="OK" Value1="Sygnalizacja_zaniku(+/-)N" Value2="" Value3="" Other="BUSZ(2m4)"/>
    <BI Index="57" Source="161c7m3" SrcType="ppm2" EventClass="class 1" Invert="0" ObjectType="bi" BitNo="1" DeviceNo ="161" Device="PT_JELESNIA -  kanal nr 2" Object="PU22B: uwsp. 1" Report="7m3" RefReport="" Value0="OK" Value1="Zadziałanie_zabezpieczenia_technologicznego_II_stopien" Value2="" Value3="" Other="BUSZ(2m5)"/>
    <BI Index="58" Source="161c7m5" SrcType="ppm2" EventClass="class 1" Invert="0" ObjectType="bi" BitNo="1" DeviceNo ="161" Device="PT_JELESNIA -  kanal nr 2" Object="PU22B: uwsp. 2" Report="7m5" RefReport="" Value0="OK" Value1="Zadziałanie_zabezpieczenia_gazowo-przepływowego_I_stopien" Value2="" Value3="" Other="BUSZ(2m5)"/>
    <BI Index="59" Source="161c6m1" SrcType="ppm2" EventClass="class 1" Invert="0" ObjectType="bi" BitNo="1" DeviceNo ="161" Device="PT_JELESNIA -  kanal nr 2" Object="PU22C: uwsp. 1" Report="6m1" RefReport="" Value0="OK" Value1="Zadziałanie_zabezpieczenia_technologicznego_II_stopien" Value2="" Value3="" Other="BUSZ(2m6)"/>
    <BI Index="60" Source="161c6m2" SrcType="ppm2" EventClass="class 1" Invert="0" ObjectType="bi" BitNo="1" DeviceNo ="161" Device="PT_JELESNIA -  kanal nr 2" Object="PU22C: uwsp. 2" Report="6m2" RefReport="" Value0="OK" Value1="Zadziałanie_zabezpieczenia_gazowo-przepływowego_I_stopien" Value2="" Value3="" Other="BUSZ(2m6)"/>
    <BI Index="61" Source="161c6m3" SrcType="ppm2" EventClass="class 1" Invert="0" ObjectType="bi" BitNo="1" DeviceNo ="161" Device="PT_JELESNIA -  kanal nr 2" Object="PU22C: uwsp. 3" Report="6m3" RefReport="" Value0="OK" Value1="Zadziałania_zabezpieczenia_przeciążeniowego_zależnego" Value2="" Value3="" Other="BUSZ(2m6)"/>
    <BI Index="62" Source="172c2m3" SrcType="ppm2" EventClass="class 1" Invert="0" ObjectType="bi" BitNo="1" DeviceNo ="172" Device="PT_JELESNIA -  kanal nr 2" Object="PU18" Report="2m3" RefReport="" Value0="OK" Value1="Sygnalizacja_przekroczenia_mocy_15_min." Value2="" Value3="" Other="BUSZ(2m16)"/>
    <BI Index="63" Source="208c6m8" SrcType="ppm2" EventClass="class 1" Invert="0" ObjectType="dbi" BitNo="1" DeviceNo ="208" Device="PT_JELESNIA -  kanal nr 2" Object="WL1" Report="6m8" RefReport="0m4" Value0="nieustalony" Value1="Wyłączony_WL1" Value2="" Value3="" Other="BUSZ(4m3)"/>
    <BI Index="64" Source="208c6m9" SrcType="ppm2" EventClass="class 1" Invert="0" ObjectType="dbi" BitNo="2" DeviceNo ="208" Device="PT_JELESNIA -  kanal nr 2" Object="WL1" Report="6m9" RefReport="0m3" Value0="" Value1="" Value2="Załączony_WL1" Value3="stan_nieustalony" Other="BUSZ(4m4)"/>
    <BI Index="65" Source="209c6m8" SrcType="ppm2" EventClass="class 1" Invert="0" ObjectType="dbi" BitNo="1" DeviceNo ="209" Device="PT_JELESNIA -  kanal nr 2" Object="WL2" Report="6m8" RefReport="0m4" Value0="nieustalony" Value1="Wyłączony_WL2" Value2="" Value3="" Other="BUSZ(4m5)"/>
    <BI Index="66" Source="209c6m9" SrcType="ppm2" EventClass="class 1" Invert="0" ObjectType="dbi" BitNo="2" DeviceNo ="209" Device="PT_JELESNIA -  kanal nr 2" Object="WL2" Report="6m9" RefReport="0m3" Value0="" Value1="" Value2="Załączony_WL2" Value3="stan_nieustalony" Other="BUSZ(4m6)"/>
    <BI Index="67" Source="200c6m8" SrcType="ppm2" EventClass="class 1" Invert="0" ObjectType="dbi" BitNo="1" DeviceNo ="200" Device="PT_JELESNIA -  kanal nr 2" Object="WN1" Report="6m8" RefReport="0m4" Value0="nieustalony" Value1="Wyłączony_WN1" Value2="" Value3="" Other="BUSZ(4m7)"/>
    <BI Index="68" Source="200c6m9" SrcType="ppm2" EventClass="class 1" Invert="0" ObjectType="dbi" BitNo="2" DeviceNo ="200" Device="PT_JELESNIA -  kanal nr 2" Object="WN1" Report="6m9" RefReport="0m3" Value0="" Value1="" Value2="Załączony_WN1" Value3="stan_nieustalony" Other="BUSZ(4m8)"/>
    <BI Index="69" Source="201c6m8" SrcType="ppm2" EventClass="class 1" Invert="0" ObjectType="dbi" BitNo="1" DeviceNo ="201" Device="PT_JELESNIA -  kanal nr 2" Object="WN2" Report="6m8" RefReport="0m4" Value0="nieustalony" Value1="Wyłączony_WN2" Value2="" Value3="" Other="BUSZ(4m9)"/>
    <BI Index="70" Source="201c6m9" SrcType="ppm2" EventClass="class 1" Invert="0" ObjectType="dbi" BitNo="2" DeviceNo ="201" Device="PT_JELESNIA -  kanal nr 2" Object="WN2" Report="6m9" RefReport="0m3" Value0="" Value1="" Value2="Załączony_WN2" Value3="stan_nieustalony" Other="BUSZ(4m10)"/>
    <BI Index="71" Source="160c6m8" SrcType="ppm2" EventClass="class 1" Invert="0" ObjectType="dbi" BitNo="1" DeviceNo ="160" Device="PT_JELESNIA -  kanal nr 2" Object="WZ1" Report="6m8" RefReport="0m4" Value0="nieustalony" Value1="Wyłączony_WZ1" Value2="" Value3="" Other="BUSZ(4m11)"/>
    <BI Index="72" Source="160c6m9" SrcType="ppm2" EventClass="class 1" Invert="0" ObjectType="dbi" BitNo="2" DeviceNo ="160" Device="PT_JELESNIA -  kanal nr 2" Object="WZ1" Report="6m9" RefReport="0m3" Value0="" Value1="" Value2="Załączony_WZ1" Value3="stan_nieustalony" Other="BUSZ(4m12)"/>
    <BI Index="73" Source="161c6m8" SrcType="ppm2" EventClass="class 1" Invert="0" ObjectType="dbi" BitNo="1" DeviceNo ="161" Device="PT_JELESNIA -  kanal nr 2" Object="WZ2" Report="6m8" RefReport="0m4" Value0="nieustalony" Value1="Wyłączony_WZ2" Value2="" Value3="" Other="BUSZ(4m13)"/>
    <BI Index="74" Source="161c6m9" SrcType="ppm2" EventClass="class 1" Invert="0" ObjectType="dbi" BitNo="2" DeviceNo ="161" Device="PT_JELESNIA -  kanal nr 2" Object="WZ2" Report="6m9" RefReport="0m3" Value0="" Value1="" Value2="Załączony_WZ2" Value3="stan_nieustalony" Other="BUSZ(4m14)"/>
    <BI Index="75" Source="32c1m3" SrcType="ppm2" EventClass="class 1" Invert="0" ObjectType="dbi" BitNo="1" DeviceNo ="32" Device="PT_JELESNIA -  kanal nr 2" Object="SP" Report="1m3" RefReport="0m4" Value0="nieustalony" Value1="Sygnalizacja_wyłączenia_ochrony_podnapięciowej" Value2="" Value3="" Other="BUSZ(4m15)"/>
    <BI Index="76" Source="32c1m4" SrcType="ppm2" EventClass="class 1" Invert="0" ObjectType="dbi" BitNo="2" DeviceNo ="32" Device="PT_JELESNIA -  kanal nr 2" Object="SP" Report="1m4" RefReport="0m3" Value0="" Value1="" Value2="Sygnalizacja_załączenia_ochrony_podnapięciowej" Value3="stan_nieustalony" Other="BUSZ(4m16)"/>
    <BI Index="77" Source="172c1m5" SrcType="ppm2" EventClass="class 1" Invert="0" ObjectType="dbi" BitNo="1" DeviceNo ="172" Device="PT_JELESNIA -  kanal nr 2" Object="WW1" Report="1m5" RefReport="0m7" Value0="nieustalony" Value1="WW_potrzeb_własnych_1_WYŁ." Value2="" Value3="" Other="BUSZ(5m1)"/>
    <BI Index="78" Source="172c1m6" SrcType="ppm2" EventClass="class 1" Invert="0" ObjectType="dbi" BitNo="2" DeviceNo ="172" Device="PT_JELESNIA -  kanal nr 2" Object="WW1" Report="1m6" RefReport="0m6" Value0="" Value1="" Value2="WW_potrzeb_własnych_1_ZAŁ." Value3="stan_nieustalony" Other="BUSZ(5m2)"/>
    <BI Index="79" Source="172c1m7" SrcType="ppm2" EventClass="class 1" Invert="0" ObjectType="dbi" BitNo="1" DeviceNo ="172" Device="PT_JELESNIA -  kanal nr 2" Object="WW2" Report="1m7" RefReport="0m9" Value0="nieustalony" Value1="WW_potrzeb_własnych_2_WYŁ." Value2="" Value3="" Other="BUSZ(5m3)"/>
    <BI Index="80" Source="172c1m8" SrcType="ppm2" EventClass="class 1" Invert="0" ObjectType="dbi" BitNo="2" DeviceNo ="172" Device="PT_JELESNIA -  kanal nr 2" Object="WW2" Report="1m8" RefReport="0m8" Value0="" Value1="" Value2="WW_potrzeb_własnych_2_ZAŁ." Value3="stan_nieustalony" Other="BUSZ(5m4)"/>
    <BI Index="81" Source="125c0m0" SrcType="ppm2" EventClass="class 1" Invert="0" ObjectType="dbi" BitNo="1" DeviceNo ="125" Device="PT_JELESNIA -  kanal nr 2" Object="SR" Report="0m0" RefReport="0m1" Value0="nieustalony" Value1="PT_WS_zapasowy_-_WYŁĄczony_" Value2="" Value3="" Other="BUSZ(5m5)"/>
    <BI Index="82" Source="125c0m1" SrcType="ppm2" EventClass="class 1" Invert="0" ObjectType="dbi" BitNo="2" DeviceNo ="125" Device="PT_JELESNIA -  kanal nr 2" Object="SR" Report="0m1" RefReport="0m0" Value0="" Value1="" Value2="PT_WS_zapasowy_-_ZAŁĄczony" Value3="stan_nieustalony" Other="BUSZ(5m6)"/>
    <BI Index="83" Source="96c0m0" SrcType="ppm2" EventClass="class 1" Invert="0" ObjectType="dbi" BitNo="1" DeviceNo ="96" Device="PT_JELESNIA -  kanal nr 2" Object="PZ1" Report="0m0" RefReport="0m1" Value0="nieustalony" Value1="WS_Sucha_Beskidzka_WYŁĄczony" Value2="" Value3="" Other="BUSZ(5m7)"/>
    <BI Index="84" Source="96c0m1" SrcType="ppm2" EventClass="class 1" Invert="0" ObjectType="dbi" BitNo="2" DeviceNo ="96" Device="PT_JELESNIA -  kanal nr 2" Object="PZ1" Report="0m1" RefReport="0m0" Value0="" Value1="" Value2="WS_Sucha_Beskidzka_ZAŁĄczony" Value3="stan_nieustalony" Other="BUSZ(5m8)"/>
    <BI Index="85" Source="96c0m2" SrcType="ppm2" EventClass="class 1" Invert="0" ObjectType="dbi" BitNo="1" DeviceNo ="96" Device="PT_JELESNIA -  kanal nr 2" Object="PZOZ1" Report="0m2" RefReport="0m3" Value0="nieustalony" Value1="PT_odłącznik_WS_-_OTWARTY" Value2="" Value3="" Other="BUSZ(5m13)"/>
    <BI Index="86" Source="96c0m3" SrcType="ppm2" EventClass="class 1" Invert="0" ObjectType="dbi" BitNo="2" DeviceNo ="96" Device="PT_JELESNIA -  kanal nr 2" Object="PZOZ1" Report="0m3" RefReport="0m2" Value0="" Value1="" Value2="PT_odłącznik_WS_-_ZAMKNIĘTY" Value3="stan_nieustalony" Other="BUSZ(5m14)"/>
    <BI Index="87" Source="97c0m0" SrcType="ppm2" EventClass="class 1" Invert="0" ObjectType="dbi" BitNo="1" DeviceNo ="97" Device="PT_JELESNIA -  kanal nr 2" Object="PZ2" Report="0m0" RefReport="0m1" Value0="nieustalony" Value1="WS_Żywiec_WYŁĄczony" Value2="" Value3="" Other="BUSZ(5m9)"/>
    <BI Index="88" Source="97c0m1" SrcType="ppm2" EventClass="class 1" Invert="0" ObjectType="dbi" BitNo="2" DeviceNo ="97" Device="PT_JELESNIA -  kanal nr 2" Object="PZ2" Report="0m1" RefReport="0m0" Value0="" Value1="" Value2="WS_Żywiec_ZAŁĄczony" Value3="stan_nieustalony" Other="BUSZ(5m10)"/>
    <BI Index="89" Source="97c0m2" SrcType="ppm2" EventClass="class 1" Invert="0" ObjectType="dbi" BitNo="1" DeviceNo ="97" Device="PT_JELESNIA -  kanal nr 2" Object="PZOZ2" Report="0m2" RefReport="0m3" Value0="nieustalony" Value1="PT_odłącznik_WS_-_OTWARTY" Value2="" Value3="" Other="BUSZ(5m15)"/>
    <BI Index="90" Source="97c0m3" SrcType="ppm2" EventClass="class 1" Invert="0" ObjectType="dbi" BitNo="2" DeviceNo ="97" Device="PT_JELESNIA -  kanal nr 2" Object="PZOZ2" Report="0m3" RefReport="0m2" Value0="" Value1="" Value2="PT_odłącznik_WS_-_ZAMKNIĘTY" Value3="stan_nieustalony" Other="BUSZ(5m16)"/>
    <BI Index="91" Source="125c0m2" SrcType="ppm2" EventClass="class 1" Invert="0" ObjectType="dbi" BitNo="1" DeviceNo ="125" Device="PT_JELESNIA -  kanal nr 2" Object="SROG" Report="0m2" RefReport="0m3" Value0="nieustalony" Value1="Sygnalizacja_stanu_otwarcia_odłącznika_szyny_główne_SR" Value2="" Value3="" Other="BUSZ(5m11)"/>
    <BI Index="92" Source="125c0m3" SrcType="ppm2" EventClass="class 1" Invert="0" ObjectType="dbi" BitNo="2" DeviceNo ="125" Device="PT_JELESNIA -  kanal nr 2" Object="SROG" Report="0m3" RefReport="0m2" Value0="" Value1="" Value2="Sygnalizacja_stanu_zamknięcia_odłącznika_szyny_główne_SR" Value3="stan_nieustalony" Other="BUSZ(5m12)"/>
    <BI Index="93" Source="176c0m0" SrcType="ppm2" EventClass="class 1" Invert="0" ObjectType="bi" BitNo="1" DeviceNo ="176" Device="PT_JELESNIA -  kanal nr 2" Object="UaZ" Report="0m0" RefReport="" Value0="Ua_Obsługa_lokalna" Value1="Ua_Obsługa_zdalna" Value2="" Value3="" Other="BUSZ(7m1)"/>
    <BI Index="94" Source="176c0m1" SrcType="ppm2" EventClass="class 1" Invert="0" ObjectType="bi" BitNo="1" DeviceNo ="176" Device="PT_JELESNIA -  kanal nr 2" Object="UaU" Report="0m1" RefReport="" Value0="Ua_Napięcie_liniowe_-_OK" Value1="Ua_Napięcie_liniowe_-_zanik" Value2="" Value3="" Other="BUSZ(7m2)"/>
    <BI Index="95" Source="176c5m0" SrcType="ppm2" EventClass="class 1" Invert="0" ObjectType="dbi" BitNo="1" DeviceNo ="176" Device="PT_JELESNIA -  kanal nr 2" Object="010" Report="5m0" RefReport="5m1" Value0="nieustalony" Value1="odłącznik_-_otwarty" Value2="" Value3="" Other="BUSZ(7m3)"/>
    <BI Index="96" Source="176c5m1" SrcType="ppm2" EventClass="class 1" Invert="0" ObjectType="dbi" BitNo="2" DeviceNo ="176" Device="PT_JELESNIA -  kanal nr 2" Object="010" Report="5m1" RefReport="5m0" Value0="" Value1="" Value2="odłącznik_-_ZAMKNIĘTY" Value3="stan_nieustalony" Other="BUSZ(7m4)"/>
    <BI Index="97" Source="176c5m2" SrcType="ppm2" EventClass="class 1" Invert="0" ObjectType="dbi" BitNo="1" DeviceNo ="176" Device="PT_JELESNIA -  kanal nr 2" Object="030" Report="5m2" RefReport="5m3" Value0="nieustalony" Value1="odłącznik_-_otwarty" Value2="" Value3="" Other="BUSZ(7m5)"/>
    <BI Index="98" Source="176c5m3" SrcType="ppm2" EventClass="class 1" Invert="0" ObjectType="dbi" BitNo="2" DeviceNo ="176" Device="PT_JELESNIA -  kanal nr 2" Object="030" Report="5m3" RefReport="5m2" Value0="" Value1="" Value2="odłącznik_-_ZAMKNIĘTY" Value3="stan_nieustalony" Other="BUSZ(7m6)"/>
    <BI Index="99" Source="176c5m4" SrcType="ppm2" EventClass="class 1" Invert="0" ObjectType="dbi" BitNo="1" DeviceNo ="176" Device="PT_JELESNIA -  kanal nr 2" Object="101" Report="5m4" RefReport="5m5" Value0="nieustalony" Value1="odłącznik_-_otwarty" Value2="" Value3="" Other="BUSZ(7m8)"/>
    <BI Index="100" Source="176c5m5" SrcType="ppm2" EventClass="class 1" Invert="0" ObjectType="dbi" BitNo="2" DeviceNo ="176" Device="PT_JELESNIA -  kanal nr 2" Object="101" Report="5m5" RefReport="5m4" Value0="" Value1="" Value2="odłącznik_-_ZAMKNIĘTY" Value3="stan_nieustalony" Other="BUSZ(7m9)"/>
    <BI Index="101" Source="176c0m14" SrcType="ppm2" EventClass="class 1" Invert="0" ObjectType="bi" BitNo="1" DeviceNo ="176" Device="PT_JELESNIA -  kanal nr 2" Object="Ua" Report="0m14" RefReport="" Value0="OK" Value1="Napięcie_liniowe_podwyższone_Ua" Value2="" Value3="" Other="BUSZ(7m15)"/>
    <BI Index="102" Source="42c6m8" SrcType="ppm2" EventClass="class 1" Invert="0" ObjectType="dbi" BitNo="1" DeviceNo ="42" Device="PT_JELESNIA -  kanal nr 2" Object="KZ4" Report="6m8" RefReport="0m4" Value0="nieustalony" Value1="Wyłączony_KZ4" Value2="" Value3="" Other="BUSZ(17m1)"/>
    <BI Index="103" Source="42c6m9" SrcType="ppm2" EventClass="class 1" Invert="0" ObjectType="dbi" BitNo="2" DeviceNo ="42" Device="PT_JELESNIA -  kanal nr 2" Object="KZ4" Report="6m9" RefReport="0m3" Value0="" Value1="" Value2="Załączony_KZ4" Value3="stan_nieustalony" Other="BUSZ(17m2)"/>
    <BI Index="104" Source="42c1m13" SrcType="ppm2" EventClass="class 1" Invert="0" ObjectType="bi" BitNo="1" DeviceNo ="42" Device="PT_JELESNIA -  kanal nr 2" Object="UZ4" Report="1m13" RefReport="" Value0="Wyłącznik_KZ4_-_sterowany_ręcznie" Value1="Wyłącznik_KZ4_-_sterowany_automatycznie" Value2="" Value3="" Other="BUSZ(17m13)"/>
  </BINARY_INPUTS>
  <ANALOG_INPUTS>
    <AI Index="0" Source="36c193m0,9" SrcType="ppm2" EventClass="none" MultFactor="0.01" Offset="0" Unit="[kV]" Signed="0" DeviceNo="36" Device="PT_JELESNIA -  kanal nr 2" Object="POM3" Report="193m0,9" Comment="napięcie_szyny_3kV" Other="BUSZ(193m1,10)" />
    <AI Index="1" Source="208c3m0,15" SrcType="ppm2" EventClass="none" MultFactor="0.00173" Offset="0" Unit="[kV]" Signed="0" DeviceNo="208" Device="PT_JELESNIA -  kanal nr 2" Object="POM5" Report="3m0,15" Comment="Napiecie_linii_PKP1_faza_RS" Other="BUSZ(194m1,16)" />
    <AI Index="2" Source="208c4m0,15" SrcType="ppm2" EventClass="none" MultFactor="0.00173" Offset="0" Unit="[kV]" Signed="0" DeviceNo="208" Device="PT_JELESNIA -  kanal nr 2" Object="POM6" Report="4m0,15" Comment="Napiecie_linii_PKP1_faza_ST" Other="BUSZ(195m1,16)" />
    <AI Index="3" Source="208c5m0,15" SrcType="ppm2" EventClass="none" MultFactor="0.00173" Offset="0" Unit="[kV]" Signed="0" DeviceNo="208" Device="PT_JELESNIA -  kanal nr 2" Object="POM7" Report="5m0,15" Comment="Napiecie_linii_PKP1_faza_TR" Other="BUSZ(196m1,16)" />
    <AI Index="4" Source="209c3m0,15" SrcType="ppm2" EventClass="none" MultFactor="0.00173" Offset="0" Unit="[kV]" Signed="0" DeviceNo="209" Device="PT_JELESNIA -  kanal nr 2" Object="POM8" Report="3m0,15" Comment="Napiecie_linii_PKP2_faza_RS" Other="BUSZ(197m1,16)" />
    <AI Index="5" Source="209c4m0,15" SrcType="ppm2" EventClass="none" MultFactor="0.00173" Offset="0" Unit="[kV]" Signed="0" DeviceNo="209" Device="PT_JELESNIA -  kanal nr 2" Object="POM9" Report="4m0,15" Comment="Napiecie_linii_PKP2_faza_ST" Other="BUSZ(198m1,16)" />
    <AI Index="6" Source="209c5m0,15" SrcType="ppm2" EventClass="none" MultFactor="0.00173" Offset="0" Unit="[kV]" Signed="0" DeviceNo="209" Device="PT_JELESNIA -  kanal nr 2" Object="POM10" Report="5m0,15" Comment="Napiecie_linii_PKP2_faza_TR" Other="BUSZ(199m1,16)" />
    <AI Index="7" Source="220c3m0,15" SrcType="ppm2" EventClass="none" MultFactor="1" Offset="0" Unit="[V]" Signed="0" DeviceNo="220" Device="PT_JELESNIA -  kanal nr 2" Object="POM11" Report="3m0,15" Comment="napięcie_akumulatorów" Other="BUSZ(200m1,16)" />
  </ANALOG_INPUTS>
  <BINARY_OUTPUTS>
    <BO Index="0" Output="36c5p3" SrcType="ppm2" EventClass="none" DeviceNo="36" Device="PT_JELESNIA -  kanal nr 2" Object="SP" Command="5p3" CmdType="on" Desc="Załaczenie_ochrony_podnapięciowej" Value0="" Value1="" Source="32c1m3" Report="1m3" Invert="0" Other="BUSZ(1P15)"/>
    <BO Index="1" Output="36c5p4" SrcType="ppm2" EventClass="none" DeviceNo="36" Device="PT_JELESNIA -  kanal nr 2" Object="SP" Command="5p4" CmdType="off" Desc="Wyłaczenie_ochrony_podnapięciowej" Value0="" Value1="" Source="32c1m3" Report="1m3" Invert="0" Other="BUSZ(1P16)"/>
    <BO Index="2" Output="214c1p1" SrcType="ppm2" EventClass="none" DeviceNo="214" Device="PT_JELESNIA -  kanal nr 2" Object="WW1" Command="1p1" CmdType="on" Desc="WW_potrzeb_własnych_1_ZAŁ." Value0="" Value1="" Source="172c1m5" Report="1m5" Invert="0" Other="BUSZ(2P1)"/>
    <BO Index="3" Output="214c1p2" SrcType="ppm2" EventClass="none" DeviceNo="214" Device="PT_JELESNIA -  kanal nr 2" Object="WW1" Command="1p2" CmdType="off" Desc="WW_potrzeb_własnych_1_WYŁ." Value0="" Value1="" Source="172c1m5" Report="1m5" Invert="0" Other="BUSZ(2P2)"/>
    <BO Index="4" Output="214c1p3" SrcType="ppm2" EventClass="none" DeviceNo="214" Device="PT_JELESNIA -  kanal nr 2" Object="WW2" Command="1p3" CmdType="on" Desc="WW_potrzeb_własnych_2_ZAŁ." Value0="" Value1="" Source="172c1m7" Report="1m7" Invert="0" Other="BUSZ(2P3)"/>
    <BO Index="5" Output="214c1p4" SrcType="ppm2" EventClass="none" DeviceNo="214" Device="PT_JELESNIA -  kanal nr 2" Object="WW2" Command="1p4" CmdType="off" Desc="WW_potrzeb_własnych_2_WYŁ." Value0="" Value1="" Source="172c1m7" Report="1m7" Invert="0" Other="BUSZ(2P4)"/>
    <BO Index="6" Output="96c1p1" SrcType="ppm2" EventClass="none" DeviceNo="96" Device="PT_JELESNIA -  kanal nr 2" Object="PZ1" Command="1p1" CmdType="on" Desc="WS_Zarzecze_1_ZAŁĄczony" Value0="" Value1="" Source="96c0m0" Report="0m0" Invert="0" Other="BUSZ(2P7)"/>
    <BO Index="7" Output="96c1p2" SrcType="ppm2" EventClass="none" DeviceNo="96" Device="PT_JELESNIA -  kanal nr 2" Object="PZ1" Command="1p2" CmdType="off" Desc="WS_Zarzecze_1_WYŁĄczony" Value0="" Value1="" Source="96c0m0" Report="0m0" Invert="0" Other="BUSZ(2P8)"/>
    <BO Index="8" Output="97c1p1" SrcType="ppm2" EventClass="none" DeviceNo="97" Device="PT_JELESNIA -  kanal nr 2" Object="PZ2" Command="1p1" CmdType="on" Desc="WS_Dańdówka_ZAŁĄczony" Value0="" Value1="" Source="97c0m0" Report="0m0" Invert="0" Other="BUSZ(2P9)"/>
    <BO Index="9" Output="97c1p2" SrcType="ppm2" EventClass="none" DeviceNo="97" Device="PT_JELESNIA -  kanal nr 2" Object="PZ2" Command="1p2" CmdType="off" Desc="WS_Dańdówka_WYŁĄczony" Value0="" Value1="" Source="97c0m0" Report="0m0" Invert="0" Other="BUSZ(2P10)"/>
    <BO Index="10" Output="125c1p1" SrcType="ppm2" EventClass="none" DeviceNo="125" Device="PT_JELESNIA -  kanal nr 2" Object="SR" Command="1p1" CmdType="on" Desc="PT_WS_zapasowy_-_ZAŁĄczony" Value0="" Value1="" Source="125c0m0" Report="0m0" Invert="0" Other="BUSZ(2P5)"/>
    <BO Index="11" Output="125c1p2" SrcType="ppm2" EventClass="none" DeviceNo="125" Device="PT_JELESNIA -  kanal nr 2" Object="SR" Command="1p2" CmdType="off" Desc="PT_WS_zapasowy_-_WYŁĄczony" Value0="" Value1="" Source="125c0m0" Report="0m0" Invert="0" Other="BUSZ(2P6)"/>
    <BO Index="12" Output="176c1p3" SrcType="ppm2" EventClass="none" DeviceNo="176" Device="PT_JELESNIA -  kanal nr 2" Object="010" Command="1p3" CmdType="on" Desc="odłącznik_-_ZAMKNIĘTY" Value0="" Value1="" Source="176c5m0" Report="5m0" Invert="0" Other="BUSZ(4P3)"/>
    <BO Index="13" Output="176c1p4" SrcType="ppm2" EventClass="none" DeviceNo="176" Device="PT_JELESNIA -  kanal nr 2" Object="010" Command="1p4" CmdType="off" Desc="odłącznik_-_otwarty" Value0="" Value1="" Source="176c5m0" Report="5m0" Invert="0" Other="BUSZ(4P4)"/>
    <BO Index="14" Output="176c1p5" SrcType="ppm2" EventClass="none" DeviceNo="176" Device="PT_JELESNIA -  kanal nr 2" Object="030" Command="1p5" CmdType="on" Desc="odłącznik_-_ZAMKNIĘTY" Value0="" Value1="" Source="176c5m2" Report="5m2" Invert="0" Other="BUSZ(4P5)"/>
    <BO Index="15" Output="176c1p6" SrcType="ppm2" EventClass="none" DeviceNo="176" Device="PT_JELESNIA -  kanal nr 2" Object="030" Command="1p6" CmdType="off" Desc="odłącznik_-_otwarty" Value0="" Value1="" Source="176c5m2" Report="5m2" Invert="0" Other="BUSZ(4P6)"/>
    <BO Index="16" Output="176c1p7" SrcType="ppm2" EventClass="none" DeviceNo="176" Device="PT_JELESNIA -  kanal nr 2" Object="101" Command="1p7" CmdType="on" Desc="odłącznik_-_ZAMKNIĘTY" Value0="" Value1="" Source="176c5m4" Report="5m4" Invert="0" Other="BUSZ(4P7)"/>
    <BO Index="17" Output="176c1p8" SrcType="ppm2" EventClass="none" DeviceNo="176" Device="PT_JELESNIA -  kanal nr 2" Object="101" Command="1p8" CmdType="off" Desc="odłącznik_-_otwarty" Value0="" Value1="" Source="176c5m4" Report="5m4" Invert="0" Other="BUSZ(4P8)"/>
    <BO Index="18" Output="176c1p15" SrcType="ppm2" EventClass="none" DeviceNo="176" Device="PT_JELESNIA -  kanal nr 2" Object="Ua" Command="1p15" CmdType="on" Desc="Podwyzszone_napiecie_liniowe_Zalaczone" Value0="" Value1="" Source="176c0m14" Report="0m14" Invert="0" Other="BUSZ(4P15)"/>
    <BO Index="19" Output="176c1p16" SrcType="ppm2" EventClass="none" DeviceNo="176" Device="PT_JELESNIA -  kanal nr 2" Object="Ua" Command="1p16" CmdType="on" Desc="Podwyzszone_napiecie_liniowe_wylaczone" Value0="" Value1="" Source="176c0m14" Report="0m14" Invert="0" Other="BUSZ(4P16)"/>
    <BO Index="20" Output="160c1p1" SrcType="ppm2" EventClass="none" DeviceNo="160" Device="PT_JELESNIA -  kanal nr 2" Object="WZ1" Command="1p1" CmdType="on" Desc="WZ_zespołu_prost.1_-_ZAŁ." Value0="" Value1="" Source="160c6m8" Report="6m8" Invert="0" Other="BUSZ(1P11)"/>
    <BO Index="21" Output="160c1p2" SrcType="ppm2" EventClass="none" DeviceNo="160" Device="PT_JELESNIA -  kanal nr 2" Object="WZ1" Command="1p2" CmdType="off" Desc="WZ_zespołu_prost.1_-_WYŁ." Value0="" Value1="" Source="160c6m8" Report="6m8" Invert="0" Other="BUSZ(1P12)"/>
    <BO Index="22" Output="161c1p1" SrcType="ppm2" EventClass="none" DeviceNo="161" Device="PT_JELESNIA -  kanal nr 2" Object="WZ2" Command="1p1" CmdType="on" Desc="WZ_zespołu_prost.2_-_ZAŁ." Value0="" Value1="" Source="161c6m8" Report="6m8" Invert="0" Other="BUSZ(1P13)"/>
    <BO Index="23" Output="161c1p2" SrcType="ppm2" EventClass="none" DeviceNo="161" Device="PT_JELESNIA -  kanal nr 2" Object="WZ2" Command="1p2" CmdType="off" Desc="WZ_zespołu_prost.2_-_WYŁ." Value0="" Value1="" Source="161c6m8" Report="6m8" Invert="0" Other="BUSZ(1P14)"/>
    <BO Index="24" Output="208c1p1" SrcType="ppm2" EventClass="none" DeviceNo="208" Device="PT_JELESNIA -  kanal nr 2" Object="WL1" Command="1p1" CmdType="on" Desc="WL_linii_zasil.1_ZAŁĄczony" Value0="" Value1="" Source="208c6m8" Report="6m8" Invert="0" Other="BUSZ(1P3)"/>
    <BO Index="25" Output="208c1p2" SrcType="ppm2" EventClass="none" DeviceNo="208" Device="PT_JELESNIA -  kanal nr 2" Object="WL1" Command="1p2" CmdType="off" Desc="WL_linii_zasil.1_WYŁĄczony" Value0="" Value1="" Source="208c6m8" Report="6m8" Invert="0" Other="BUSZ(1P4)"/>
    <BO Index="26" Output="209c1p1" SrcType="ppm2" EventClass="none" DeviceNo="209" Device="PT_JELESNIA -  kanal nr 2" Object="WL2" Command="1p1" CmdType="on" Desc="WL_linii_zasil.2_ZAŁĄczony" Value0="" Value1="" Source="209c6m8" Report="6m8" Invert="0" Other="BUSZ(1P5)"/>
    <BO Index="27" Output="209c1p2" SrcType="ppm2" EventClass="none" DeviceNo="209" Device="PT_JELESNIA -  kanal nr 2" Object="WL2" Command="1p2" CmdType="off" Desc="WL_linii_zasil.2_WYŁĄczony" Value0="" Value1="" Source="209c6m8" Report="6m8" Invert="0" Other="BUSZ(1P6)"/>
    <BO Index="28" Output="200c1p1" SrcType="ppm2" EventClass="none" DeviceNo="200" Device="PT_JELESNIA -  kanal nr 2" Object="WN1" Command="1p1" CmdType="on" Desc="WN_potrzeb_nietrakc.1_ZAŁ." Value0="" Value1="" Source="200c6m8" Report="6m8" Invert="0" Other="BUSZ(1P7)"/>
    <BO Index="29" Output="200c1p2" SrcType="ppm2" EventClass="none" DeviceNo="200" Device="PT_JELESNIA -  kanal nr 2" Object="WN1" Command="1p2" CmdType="off" Desc="WN_potrzeb_nietrakc.1_WYŁ." Value0="" Value1="" Source="200c6m8" Report="6m8" Invert="0" Other="BUSZ(1P8)"/>
    <BO Index="30" Output="201c1p1" SrcType="ppm2" EventClass="none" DeviceNo="201" Device="PT_JELESNIA -  kanal nr 2" Object="WN2" Command="1p1" CmdType="on" Desc="WN_potrzeb_nietrakc.2_ZAŁ." Value0="" Value1="" Source="201c6m8" Report="6m8" Invert="0" Other="BUSZ(1P9)"/>
    <BO Index="31" Output="201c1p2" SrcType="ppm2" EventClass="none" DeviceNo="201" Device="PT_JELESNIA -  kanal nr 2" Object="WN2" Command="1p2" CmdType="off" Desc="WN_potrzeb_nietrakc.2_WYŁ." Value0="" Value1="" Source="201c6m8" Report="6m8" Invert="0" Other="BUSZ(1P10)"/>
    <BO Index="36" Output="213c1p1" SrcType="ppm2" EventClass="none" DeviceNo="213" Device="PT_JELESNIA -  kanal nr 2" Object="PAW" Command="1p1" CmdType="off" Desc="Awaryjne_wyłączenie_podstacji" Value0="" Value1="" Source="" Report="" Invert="0" Other="BUSZ(1P3)"/>
  </BINARY_OUTPUTS>
  </DNP3>
 </OUTSTATION>
</REPORT>
